sequence,length,label,net_charge,avg_hydrophobicity,gravy,instability_index,isoelectric_point,aromaticity,helix_fraction,turn_fraction,sheet_fraction,molecular_weight
EECAYSSGYSLCILCSTNHVNCV,23,0,-1,0.3478,0.3565,44.8348,4.5074,0.087,0.2174,0.3043,0.3478,2495.7829
LFGYPVYV,8,1,0,0.75,1.3,28.2125,5.5236,0.375,0.125,0.25,0.75,957.1216
QWAGKKYDSSIRNDHAHSSGTCTYFIFAH,29,0,4,0.3448,-0.769,36.3483,8.1807,0.1724,0.1724,0.3103,0.3103,3328.5854
KVGFFKRNRPPLEEDDEEGE,20,1,-3,0.2,-1.76,73.685,4.6234,0.1,0.4,0.35,0.2,2391.5479
GNLWATGHFM,10,1,1,0.5,0.12,-9.7,6.7411,0.2,0.3,0.3,0.4,1133.2789
KHGRYHTPWDDFSYIREGWDIRSVKGQEVH,30,0,3,0.3,-1.3733,23.2133,7.0267,0.1667,0.1333,0.3,0.3333,3699.9991
TASSMVDLDT,10,0,-2,0.4,0.17,-1.8,4.05,0.0,0.3,0.4,0.4,1039.115
CGVPAIQPVLSGL,13,1,0,0.4615,1.2692,68.4923,5.5181,0.0,0.2308,0.3846,0.3846,1253.5104
EWSSAYKGEL,10,0,-1,0.4,-0.95,-2.8,4.5317,0.2,0.5,0.3,0.3,1169.2401
VIYAPTYV,8,0,0,0.75,1.225,62.425,5.4938,0.25,0.125,0.125,0.75,925.0783
VLLVTTGLLLA,11,1,0,0.7273,2.4909,-6.3455,5.495,0.0,0.5455,0.0909,0.8182,1112.4023
VVEAKSSFRPS,11,0,1,0.3636,-0.2636,61.6182,8.7179,0.0909,0.2727,0.3636,0.2727,1206.3481
DFAWTYAFI,9,0,-1,0.7778,0.8111,10.1222,4.05,0.4444,0.2222,0.1111,0.6667,1133.2507
GAINRREWQADTPKMKAPCGDFNW,24,0,1,0.3333,-1.1333,24.8542,8.1975,0.125,0.2917,0.3333,0.2083,2792.1152
GATPQDLNTL,10,1,-1,0.3,-0.45,30.54,4.05,0.0,0.3,0.4,0.4,1029.1019
GIVEQCCTSICSLYQLENYCN,21,1,-2,0.3333,0.2143,22.5429,4.05,0.0952,0.1905,0.2381,0.381,2383.6961
KETAAAKMERQHLDS,15,1,1,0.3333,-1.3267,56.7467,6.7593,0.0,0.6,0.1333,0.1333,1714.898
STPLN,5,0,0,0.2,-0.56,8.0,5.24,0.0,0.2,0.6,0.4,530.5719
ASHWGFPVHD,10,0,1,0.4,-0.48,34.27,5.9979,0.2,0.1,0.4,0.3,1152.2177
AVVKVPLKKFKSIRETMKEKGLLGEF,26,1,4,0.4231,-0.1731,-2.5615,9.9983,0.0769,0.5385,0.1538,0.3846,2976.6207
FVNQHLCGSHLVEALYLVCGERGFFYTPKA,30,1,2,0.4667,0.3033,9.847,6.9037,0.1667,0.3,0.2,0.4333,3399.8948
FVNQHLCGSHLVEALYLVCGERGFFYTPKT,30,1,2,0.4333,0.22,9.847,6.9037,0.1667,0.2667,0.2,0.4667,3429.9208
GKRELKFVFDTFRKCVFPSPQPVMVKYNIS,30,0,4,0.4,-0.2233,76.01,9.8635,0.1667,0.2333,0.2667,0.4,3562.211
SGPRPRGTRGKGRRIRR,17,1,8,0.0588,-2.1882,54.2882,12.0,0.0,0.0588,0.4118,0.1176,1963.2619
NTTNPRE,7,0,0,0.0,-2.5714,-39.9143,6.2182,0.0,0.1429,0.4286,0.2857,830.8432
DCGCFLKLKKSEE,13,0,0,0.2308,-0.6154,29.5308,6.2889,0.0769,0.5385,0.2308,0.2308,1499.751
GGF,3,1,0,0.3333,0.6667,47.8,5.525,0.3333,0.0,0.6667,0.3333,279.2917
PIQEE,5,1,-2,0.2,-1.52,111.72,4.2407,0.0,0.4,0.2,0.2,614.6453
QGLGCDEMLQGFAVAVKMGATKAD,24,1,-1,0.4583,0.1958,36.5,4.7808,0.0417,0.4583,0.25,0.25,2440.8137
PPGPPGPPGPPGPPAPPGPPGPPGPPGPPG,30,1,0,0.0333,-1.1267,86.7067,5.955,0.0,0.0333,0.9667,0.0,2544.8589
EPQYEEIPIYL,11,1,-3,0.4545,-0.6364,74.9273,4.05,0.1818,0.3636,0.1818,0.4545,1393.5361
GGKKRYKL,8,1,4,0.25,-1.8125,34.275,10.4616,0.125,0.5,0.25,0.25,949.1513
NRLLLTG,7,1,1,0.4286,0.3286,-3.5571,9.75,0.0,0.4286,0.2857,0.5714,785.9316
GHKILHRLLQDSS,13,1,3,0.3077,-0.6077,105.2538,8.7618,0.0,0.3077,0.3077,0.3077,1503.7048
FNCWAWFGPTAYFTMNKACGLGTPKYTTS,29,0,2,0.4138,-0.1172,29.1069,8.8212,0.2414,0.2414,0.2759,0.4483,3264.7069
KYVNVP,6,1,1,0.5,-0.3167,40.4333,8.5909,0.1667,0.1667,0.3333,0.5,718.8406
MLSVEEEG,8,1,-3,0.375,-0.225,90.25,4.05,0.0,0.625,0.25,0.25,892.9705
PPGPPGPPG,9,1,0,0.0,-1.2,73.0889,5.955,0.0,0.0,1.0,0.0,771.8604
TCGLRQY,7,1,1,0.2857,-0.5857,52.8286,7.886,0.1429,0.1429,0.1429,0.4286,839.9591
NIQMLLEAADYLE,13,1,-3,0.6154,0.2,36.5,4.05,0.0769,0.6154,0.1538,0.3846,1522.7179
ALLVTAGLVLA,11,1,0,0.8182,2.5364,1.3727,5.57,0.0,0.6364,0.0909,0.6364,1040.2966
KDK,3,1,1,0.0,-3.7667,-21.6333,8.5909,0.0,0.6667,0.3333,0.0,389.4473
AWLHIHAGKYHGDPFSQTIDKK,22,0,4,0.3636,-0.85,51.4227,8.4924,0.1364,0.2727,0.2727,0.3182,2549.8386
PPGPPGPPGPPGPPAPPGPPGPPGPPGPPG,30,1,0,0.0333,-1.1267,86.7067,5.955,0.0,0.0333,0.9667,0.0,2544.8589
PCPRFIACCDCYCIAIYT,18,0,0,0.4444,0.9944,42.1611,6.0933,0.1667,0.1111,0.1667,0.3889,2055.486
SMWAFWPDLNN,11,0,-1,0.5455,-0.4,-11.4273,4.05,0.2727,0.2727,0.4545,0.3636,1380.5255
HQSHCLSTP,9,0,2,0.1111,-0.8333,79.1111,6.9078,0.0,0.1111,0.3333,0.2222,1009.0973
GPAGPPGA,8,1,0,0.25,-0.3,46.2875,5.525,0.0,0.25,0.75,0.0,622.6706
GQVPFSKEEC,10,1,-1,0.2,-0.77,116.52,4.5313,0.1,0.3,0.3,0.2,1123.2363
YSTWHHPRVRS,11,0,4,0.2727,-1.5727,47.4273,10.835,0.1818,0.0,0.2727,0.3636,1425.5531
GDVYQWGENHPDEIWEVTTCEPELMGFHKA,30,0,-4,0.3333,-0.8333,21.4067,4.2425,0.1333,0.3,0.2667,0.3333,3518.7957
YIINLQVHKMEYYRYPW,17,0,2,0.5882,-0.6412,55.7,8.3863,0.2941,0.2353,0.1176,0.5294,2316.6761
WQVVRYCEDSYDNCPLLIYQ,20,0,-2,0.45,-0.36,41.25,4.05,0.2,0.15,0.25,0.45,2507.7934
RSAMDRFGDDGRPIGFGLKEPAYMGWQIGF,30,0,0,0.4,-0.4967,56.99,6.1634,0.1667,0.2333,0.4,0.2667,3375.7907
PCHWDGYPCNGQE,13,0,-1,0.1538,-1.4154,26.7077,4.7138,0.1538,0.0769,0.4615,0.1538,1505.5897
KTTVGNNRCYADHCRNYVQGNANGNRAL,28,0,4,0.2857,-1.1143,1.9786,9.3869,0.0714,0.1786,0.3571,0.25,3110.3634
TSLRWA,6,0,1,0.5,-0.2167,110.85,9.4101,0.1667,0.3333,0.1667,0.5,732.8276
TVPGVTVPGV,10,1,0,0.4,1.14,39.03,5.185,0.0,0.0,0.4,0.6,925.0801
DSFLLTFIWRWCGLETLMCVDIFNGT,26,0,-2,0.5,0.7577,26.0731,4.05,0.1923,0.2308,0.2308,0.5769,3081.5836
KWPWEADWMELPANTSRLKEH,21,0,0,0.381,-1.3,31.2238,5.5302,0.1429,0.4762,0.2381,0.2857,2624.9252
GIVEQCCTSICSLYQLENYCN,21,1,-2,0.3333,0.2143,22.5429,4.05,0.0952,0.1905,0.2381,0.381,2383.6961
LPPLDITPY,9,1,-1,0.4444,0.2,51.6889,4.05,0.1111,0.2222,0.4444,0.5556,1028.1982
PQQATDD,7,1,-2,0.1429,-2.0714,63.6,4.05,0.0,0.1429,0.4286,0.1429,773.7455
ENPVVHFFKNIVTPR,15,1,2,0.4,-0.22,16.2667,8.8524,0.1333,0.1333,0.2667,0.4667,1797.0643
LKGPL,5,1,1,0.4,0.34,-25.96,8.7501,0.0,0.6,0.4,0.4,526.6693
SLLVTAGLVLA,11,1,0,0.7273,2.3,1.3727,5.24,0.0,0.5455,0.1818,0.6364,1056.296
EFEELSQFEKVMAQHEMRMFKACGLYNF,28,0,-1,0.4643,-0.4,29.1107,5.0164,0.1786,0.5,0.1071,0.2857,3443.9458
ILKEPVHGV,9,1,1,0.4444,0.4556,52.1333,6.7487,0.0,0.3333,0.2222,0.4444,991.1846
VGCEECPMHCKGKNAKPTCDDGVCNCNV,28,1,0,0.1786,-0.4714,55.6821,5.481,0.0,0.25,0.3571,0.1429,2955.3946
ESFCWTVYKNNGEHKHQQQIN,21,0,2,0.2381,-1.5381,34.5048,7.0015,0.1429,0.1905,0.2381,0.2857,2590.7828
PEGDFEEVL,9,1,-4,0.3333,-0.5778,56.0444,4.05,0.1111,0.4444,0.3333,0.3333,1034.0736
LKKFNARRKLKGAILTTMLATRNFS,25,1,7,0.44,-0.272,22.16,12.0,0.08,0.48,0.16,0.4,2879.4724
KHK,3,1,3,0.0,-3.6667,85.6,10.0028,0.0,0.6667,0.0,0.0,411.4992
RKVTMKYKANKM,12,0,5,0.4167,-1.3167,41.9167,10.5828,0.0833,0.5833,0.0833,0.25,1497.8708
LTMHDHKDFGCLSITLKDNEWP,22,0,0,0.3182,-0.6227,40.9818,5.2611,0.0909,0.3182,0.3182,0.3636,2600.9219
MPGTIKENIIFGVSYDEYRYRSVIKA,26,1,1,0.4615,-0.25,43.7192,8.139,0.1538,0.2308,0.2692,0.4231,3050.4853
TSTINPQYIDIETFSVEWWENWEVA,25,0,-5,0.44,-0.432,25.488,4.05,0.2,0.2,0.24,0.52,3058.264
YNKRKRIHIGPGRAFYTTKNIIGC,24,1,7,0.3333,-0.7125,98.4213,10.561,0.125,0.1667,0.25,0.375,2807.2821
YFMRPCPDAQRK,12,0,2,0.3333,-1.2833,22.4167,9.3107,0.1667,0.25,0.25,0.1667,1511.7698
VGALAVVVWLWLWLW,15,1,0,0.9333,2.1067,70.0533,5.495,0.2667,0.4,0.0667,0.8,1811.2164
NAQKWSEHNWPGMMNS,16,0,1,0.3125,-1.525,23.2188,6.7487,0.125,0.3125,0.4375,0.125,1917.0887
SNIFVFQQCDFPTSST,16,0,-1,0.3125,0.0125,75.5625,4.05,0.1875,0.0,0.375,0.4375,1820.9715
DWIHKGLHPDGYLANQNLTQWQRQMAQIH,29,0,3,0.3793,-1.0276,22.5793,7.0224,0.1034,0.2414,0.2414,0.3103,3499.8717
QFRPHGPNADARCYWEHSQQW,21,0,2,0.2857,-1.6667,15.9381,6.9126,0.1905,0.1429,0.2857,0.1905,2613.7814
GSSST,5,1,0,0.0,-0.7,85.04,5.525,0.0,0.0,0.8,0.2,437.4024
DSFHAGV,7,0,0,0.4286,0.1286,36.0857,5.0767,0.1429,0.1429,0.4286,0.2857,731.7533
FVNQHLCGSHLVEALYLVCGERGFFYTPKA,30,1,2,0.4667,0.3033,9.847,6.9037,0.1667,0.3,0.2,0.4333,3399.8948
ITGDINTW,8,0,-1,0.375,-0.0875,-31.2625,4.05,0.125,0.0,0.375,0.625,918.9895
RLTQMLRKSNYFRNWVWTCT,20,0,4,0.4,-0.745,20.885,10.9164,0.2,0.2,0.15,0.5,2604.02
WHCGAANKTML,11,0,2,0.4545,-0.0727,44.4273,8.2311,0.0909,0.4545,0.1818,0.2727,1231.4469
DRE,3,1,-1,0.0,-3.8333,-18.4667,4.7489,0.0,0.3333,0.3333,0.0,418.4024
LLFGYPVYV,9,1,0,0.7778,1.5778,26.1889,5.5236,0.3333,0.2222,0.2222,0.7778,1070.2792
IEFYSCRKQREWYKGNCKNCFILQFDGCKR,30,0,4,0.3,-0.9167,71.0903,9.1323,0.2,0.2333,0.2,0.3,3764.3426
MVRQVIWSICSIYPIHI,17,0,2,0.5882,1.1,56.6706,7.9988,0.1176,0.0588,0.1765,0.5294,2058.5113
PIEEHAIGVKTPHEMG,16,0,0,0.3125,-0.5375,50.7,5.3292,0.0,0.375,0.25,0.25,1744.9652
GQEMWMIHNQGLRCNDFSAHLNSMYQEQQ,29,0,0,0.3448,-1.0034,63.4862,5.2745,0.1034,0.2759,0.2759,0.2069,3496.8445
ADPHGVYIFLGYSGRANTVCGR,22,0,2,0.4091,-0.0409,-10.1727,8.2482,0.1364,0.1364,0.3636,0.3636,2353.6137
FFVLPSCTNGQTYNTAPQRDFMDFIP,26,0,-1,0.3846,-0.1923,42.5885,4.2078,0.1923,0.1154,0.3462,0.4231,3010.3567
PGYAVEFAV,9,0,-1,0.6667,0.8889,25.7667,4.05,0.2222,0.3333,0.2222,0.4444,952.0606
VLRLACDDSHVVGTACK,17,0,1,0.4118,0.4882,85.1059,6.7012,0.0,0.2941,0.2353,0.3529,1787.0697
TEGFSKCFCTT,11,0,0,0.1818,-0.0091,56.2364,5.6604,0.1818,0.1818,0.1818,0.4545,1223.3753
YQVLIYGAGARW,12,0,1,0.6667,0.3167,29.3917,8.5897,0.25,0.25,0.1667,0.5,1396.5911
GIVEQCCTSICSLYQLENYCN,21,1,-2,0.3333,0.2143,22.5429,4.05,0.0952,0.1905,0.2381,0.381,2383.6961
NIKGMLEDHHN,11,0,1,0.2727,-1.3182,72.6364,5.9911,0.0,0.3636,0.3636,0.1818,1307.4353
TRVYWCETLHMTEFPWHCNHRPHI,24,0,4,0.3333,-0.7708,51.9708,6.8202,0.1667,0.1667,0.125,0.4167,3094.5114
CFEQQQKCIWMCWILTCT,18,0,0,0.3889,0.3556,96.6667,5.9741,0.1667,0.2222,0.0,0.4444,2264.731
GIVEQCCTSICSLYQLENYCN,21,1,-2,0.3333,0.2143,22.5429,4.05,0.0952,0.1905,0.2381,0.381,2383.6961
QLMYIAKPSHYKS,13,0,3,0.4615,-0.6385,70.2615,9.5284,0.1538,0.3846,0.2308,0.3077,1565.8337
CYSALRSERV,10,0,1,0.4,-0.31,91.46,8.222,0.1,0.3,0.2,0.3,1183.3379
HLSAQLGAYTNMHEQAFFK,19,0,2,0.4737,-0.3684,25.0,6.9198,0.1579,0.4211,0.1579,0.3158,2193.4394
HWDQVKKIWFSDMT,14,0,1,0.4286,-0.8143,-8.3357,6.7461,0.2143,0.2143,0.2143,0.4286,1821.0626
GGRKKYKL,8,1,4,0.25,-1.8125,13.5625,10.4616,0.125,0.5,0.25,0.25,949.1513
LFGFKEYPNDGTAAGFEGLPLW,22,0,-2,0.4545,-0.1,23.9818,4.1374,0.2273,0.3636,0.3636,0.4091,2429.6782
MRYYESSLKSYPD,13,1,0,0.3846,-1.3538,28.1154,5.9477,0.2308,0.3077,0.3846,0.3077,1638.795
DCRPKHEY,8,0,1,0.125,-2.375,32.825,6.742,0.125,0.25,0.25,0.125,1047.1453
DFEEIPEEYLQ,11,1,-5,0.3636,-1.1636,121.8364,4.05,0.1818,0.4545,0.1818,0.3636,1411.4653
GSSST,5,1,0,0.0,-0.7,85.04,5.525,0.0,0.0,0.8,0.2,437.4024
YRSKPPQHMLTQLNTCGPFTWMQPRRGKI,29,0,6,0.2759,-1.0207,46.1655,11.0088,0.1034,0.2069,0.2759,0.3103,3473.0635
FPRGGGGGNGDFEEIPEEYL,20,1,-4,0.25,-0.925,69.745,4.05,0.15,0.25,0.5,0.25,2140.2212
MMYYRHNTNGEACMI,15,0,1,0.4667,-0.4933,69.08,6.4975,0.1333,0.3333,0.2,0.2667,1834.1275
AKKAA,5,1,2,0.6,-0.48,8.0,10.0033,0.0,1.0,0.0,0.0,487.5936
HKPQCSGTAWESWVPAEMNFRMSPNQG,27,0,1,0.2963,-0.9704,59.2481,6.7478,0.1111,0.2593,0.3704,0.1852,3076.4035
LKKFNARRKLKGAILTTMLATRNFS,25,1,7,0.44,-0.272,22.16,12.0,0.08,0.48,0.16,0.4,2879.4724
HYEHSTASFAWEWGITFCAYDIYATLFWWY,30,0,-1,0.6,0.0367,27.89,4.6266,0.3667,0.2333,0.1333,0.5667,3766.108
YQAWTQQYRLLGSHRRGPE,19,0,3,0.3158,-1.5105,29.6895,9.9784,0.1579,0.2105,0.2105,0.3158,2346.5617
NYMMHGSWTQSPAQCLLP,18,0,1,0.3889,-0.3389,122.5111,6.731,0.1111,0.2778,0.3333,0.2778,2064.3669
RNPHVYTC,8,0,2,0.25,-1.0125,0.5375,8.2309,0.125,0.0,0.25,0.375,989.1091
KAEMKDTGIQVDR,13,1,0,0.3077,-1.1538,-38.5538,6.1212,0.0,0.3846,0.2308,0.2308,1490.6813
DAEFRHDSGYEVHHQFLVFFAEDVGSNK,28,1,-1,0.3929,-0.6607,27.2857,4.8877,0.1786,0.25,0.2857,0.3214,3281.4592
MHTR,4,0,2,0.25,-1.625,131.85,9.52,0.0,0.25,0.0,0.25,543.6402
QTNWENSAYFKDRIGNYMSNVQMG,24,0,0,0.375,-1.0792,22.675,6.0683,0.1667,0.2083,0.375,0.2917,2854.0932
APSPAGHMPYKINC,14,0,2,0.3571,-0.3857,105.2071,8.2486,0.0714,0.2857,0.4286,0.1429,1485.7292
SCNCVCGFCCSCSP,14,1,0,0.1429,1.0071,79.8,5.2288,0.0714,0.0,0.4286,0.1429,1412.6785
DFEEIPEEYLQ,11,1,-5,0.3636,-1.1636,121.8364,4.05,0.1818,0.4545,0.1818,0.3636,1411.4653
MKDIMWETVRMLTFITC,17,0,0,0.5294,0.5647,16.6706,5.8209,0.1176,0.3529,0.0588,0.5294,2118.6048
TTYADFIASGRTGRRNAIHD,20,1,2,0.35,-0.75,50.06,8.4356,0.1,0.15,0.3,0.35,2222.3766
PGWEIIHENGRPLYYNAEQKTKLHYPP,27,1,2,0.3333,-1.2593,64.0074,7.3141,0.1481,0.2963,0.2963,0.3333,3251.6057
NEDFEEIPEEYL,12,1,-6,0.3333,-1.3583,101.4,4.05,0.1667,0.5,0.25,0.3333,1526.5527
ITDFR,5,0,0,0.4,-0.28,-7.08,5.8364,0.2,0.0,0.2,0.6,650.7237
RQLVGWTDWWVAQPWFICKMFLCIEMMCG,29,0,0,0.5517,0.569,40.5621,6.0489,0.2069,0.2759,0.1379,0.4483,3579.329
NIPGSLM,7,0,0,0.4286,0.5571,67.2286,5.525,0.0,0.2857,0.5714,0.2857,730.8729
QNKRYDNNPDASAIVWGTTLGRN,23,0,1,0.3043,-1.2217,29.9957,8.5887,0.087,0.1739,0.4348,0.3043,2590.7614
HSMRPYWLAFMD,12,0,1,0.5833,-0.3,20.575,6.7531,0.25,0.3333,0.25,0.3333,1553.8046
GDFEEIPEEYLQ,12,1,-5,0.3333,-1.1,112.5167,4.05,0.1667,0.4167,0.25,0.3333,1468.5166
QGDQN,5,0,-1,0.0,-2.88,8.0,4.05,0.0,0.0,0.6,0.0,560.515
PPPPPPPPY,9,1,0,0.1111,-1.5667,158.6889,5.95,0.1111,0.0,0.8889,0.1111,958.1101
RRPPGASGR,9,1,3,0.1111,-1.8333,105.9,12.0,0.0,0.1111,0.5556,0.0,953.0606
PPPALPPKKR,10,1,3,0.2,-1.47,137.9,11.1688,0.0,0.4,0.5,0.1,1100.3571
PPPVPPRRRR,10,1,4,0.1,-2.18,269.6,12.0,0.0,0.0,0.5,0.1,1227.4651
DFEEIPEEYL,10,1,-5,0.4,-0.93,100.42,4.05,0.2,0.5,0.2,0.4,1283.3361
TSAQKAKAEERKRRKMSRGL,20,1,6,0.25,-1.785,114.395,11.5803,0.0,0.55,0.15,0.1,2331.7016
LPPVVAKEI,9,1,0,0.5556,0.8778,94.4889,6.0014,0.0,0.4444,0.2222,0.4444,965.1871
FSGPPGLQGRLQRLLQASGNHAAGILTM,28,1,3,0.3929,-0.0036,52.2643,12.0,0.0357,0.3214,0.3571,0.2857,2891.3107
WVGAIRVYHSGDVSRDLNCAQRRAG,25,0,3,0.4,-0.456,30.796,9.4973,0.08,0.16,0.32,0.28,2787.0804
MAS,3,1,0,0.6667,0.9667,47.8,5.275,0.0,0.6667,0.3333,0.0,307.3665
MRDTA,5,0,0,0.4,-1.0,-37.14,5.5878,0.0,0.4,0.2,0.2,592.6662
RAAKNFIAQQMKITDHKMIPQSDMDHG,27,0,3,0.3704,-0.8593,47.3963,8.5116,0.037,0.3333,0.2593,0.1852,3112.5649
RSPDFRKAFKRLLCF,15,1,4,0.4,-0.46,69.58,10.9164,0.2,0.3333,0.2,0.3333,1884.2543
EDQRDWSKPKLKPCSSGRAQPV,22,0,2,0.1818,-1.5636,26.5636,9.2027,0.0455,0.2727,0.4091,0.1364,2512.7989
PVQET,5,1,-1,0.2,-1.02,85.04,4.05,0.0,0.2,0.2,0.4,572.6086
DFEEI,5,1,-3,0.4,-0.64,96.64,4.05,0.2,0.4,0.2,0.4,651.6621
FVNQHLCGSHLVEALYLVCGERGFFYTPKA,30,1,2,0.4667,0.3033,9.847,6.9037,0.1667,0.3,0.2,0.4333,3399.8948
AQHITKVRDCEAAAVECDFNQYQYPI,26,0,-1,0.4231,-0.4654,40.7038,4.7514,0.1154,0.2692,0.1538,0.3077,3013.3195
GVESKYTTNP,10,0,0,0.2,-1.22,1.86,6.0007,0.1,0.2,0.4,0.4,1095.16
VTCWFYYWKPHR,12,0,3,0.5,-0.7333,44.3508,9.1947,0.4167,0.0833,0.0833,0.5833,1685.9456
FSH,3,0,1,0.3333,-0.4,6.6667,6.7411,0.3333,0.0,0.3333,0.3333,389.4057
NFEQEAKQCDVIEDDDDKDVIFWY,24,0,-7,0.375,-1.0292,56.9,4.05,0.1667,0.25,0.2917,0.3333,2965.116
YCWL,4,0,0,0.75,1.025,97.55,5.5174,0.5,0.25,0.0,0.75,583.6989
KNK,3,1,2,0.0,-3.7667,85.6,10.0027,0.0,0.6667,0.3333,0.0,388.4625
PFC,3,1,0,0.3333,1.2333,70.8667,5.9099,0.3333,0.0,0.3333,0.3333,365.4472
QICVYSPSMGKWKSWWF,17,0,2,0.4706,-0.2235,32.7235,9.1971,0.2941,0.1765,0.2941,0.4118,2133.4917
VCMYFQAWSLCWFADVLWQ,19,0,-1,0.6842,0.8842,59.5526,4.05,0.3158,0.2632,0.1053,0.5263,2396.8037
RVCPRILMECKKDSDCLAECVCLEHGYCG,29,1,0,0.3103,0.0345,58.8621,5.5569,0.0345,0.3448,0.2069,0.2414,3274.8794
VGALAVVVWLWLWLW,15,1,0,0.9333,2.1067,70.0533,5.495,0.2667,0.4,0.0667,0.8,1811.2164
NGDFEEIPEEYL,12,1,-5,0.3333,-1.1,72.825,4.05,0.1667,0.4167,0.3333,0.3333,1454.49
ENEDFEGIPGEYL,13,1,-5,0.3077,-1.0462,3.7,4.05,0.1538,0.3846,0.3846,0.3077,1511.5413
CYKLAEGDKYYIC,13,1,0,0.4615,-0.3077,5.6615,6.0529,0.2308,0.3846,0.1538,0.3846,1568.8111
NNGTGTFTGLAG,12,1,0,0.25,-0.1917,-21.375,5.525,0.0833,0.1667,0.5,0.4167,1109.1467
FHACYILLYVFWLINVWEE,19,0,-1,0.7368,1.0842,66.3895,4.8146,0.3158,0.3158,0.0526,0.6842,2458.8698
MISSVCVSSYRGRKSGNKPPSKTCLKEEMA,30,1,4,0.2667,-0.62,45.4867,9.5911,0.0333,0.3333,0.3667,0.2,3274.8133
YFGGWWL,7,0,0,0.7143,0.3857,61.4571,5.5243,0.5714,0.1429,0.2857,0.7143,928.0423
SYKSAANGAIWSESLLTQEHNAIACLD,27,0,-1,0.4444,-0.1,48.9111,4.8305,0.0741,0.4074,0.2963,0.2963,2893.1446
YGDTWAGVEAIIRILQQLLFIHFRIG,26,1,1,0.5769,0.6538,17.1192,6.752,0.1538,0.2308,0.1538,0.5385,3030.5219
NEDFEEIPEEYL,12,1,-6,0.3333,-1.3583,101.4,4.05,0.1667,0.5,0.25,0.3333,1526.5527
ENFNGGCLAGYMRTADGRCKPTF,23,1,1,0.3043,-0.5609,20.7652,8.1366,0.1304,0.2609,0.3478,0.2609,2508.8098
QAPAYEEAAEELAKS,15,1,-3,0.4667,-0.82,73.4533,4.0934,0.0667,0.7333,0.1333,0.1333,1606.6856
ARAMCSL,7,1,1,0.5714,0.9286,8.5714,8.2947,0.0,0.5714,0.1429,0.1429,750.9306
KVQCSH,6,0,2,0.1667,-0.7833,-18.3833,8.2311,0.0,0.1667,0.1667,0.1667,700.8073
TEPQPPTEVMLRWRNMETWTDDITLMAS,28,0,-3,0.3571,-0.7357,76.3286,4.177,0.0714,0.3214,0.25,0.3929,3349.7672
YLPPQHPALCEEP,13,0,-1,0.3077,-0.7308,106.1692,4.5072,0.0769,0.3846,0.3077,0.2308,1493.6818
HIDYISAKLKLFAPTF,16,0,2,0.5625,0.4312,40.6687,8.505,0.1875,0.375,0.1875,0.5,1864.19
ILARWKNTPWIRMYGGTTQNLKHEGSMN,28,0,4,0.3571,-0.8607,33.9929,10.2781,0.1071,0.2857,0.2857,0.3571,3303.773
LRRGQILWFRGLNRIQTQIK,20,1,5,0.4,-0.53,52.735,12.0,0.1,0.2,0.15,0.45,2496.9564
SGEADCGLRPLFEKKSLEDKTERELLESYI,30,1,-3,0.3,-0.83,33.5933,4.6009,0.0667,0.5,0.2667,0.3,3456.8294
YIRWEIIC,8,0,0,0.625,0.725,104.425,5.9943,0.25,0.125,0.0,0.625,1095.3138
GEEELQENQELIREKSN,17,1,-4,0.1765,-1.9118,80.7294,4.2064,0.0,0.5294,0.2353,0.1765,2045.1223
ITPWSLEETYIQYSWEPLMLPGK,23,0,-2,0.4348,-0.3565,32.2652,4.2527,0.1739,0.3478,0.2609,0.4783,2782.1683
EYGDHQDYP,9,0,-2,0.2222,-2.4222,34.5667,4.05,0.2222,0.1111,0.4444,0.2222,1123.0855
THYHVHECINSFKWHC,16,0,4,0.3125,-0.6813,77.4188,6.8172,0.1875,0.125,0.125,0.375,2041.2739
APKTNMKHMA,10,1,3,0.4,-0.94,25.57,10.0034,0.0,0.6,0.2,0.1,1128.3687
GNTREAKELMDQSYC,15,0,-1,0.2667,-1.2733,27.3067,4.6791,0.0667,0.4,0.2667,0.2,1744.9006
FYHVHFFYMS,10,0,2,0.7,0.47,164.052,6.9157,0.5,0.1,0.1,0.6,1377.566
TAFTIPSI,8,1,0,0.5,1.225,29.225,5.185,0.125,0.125,0.25,0.625,848.9825
VCQTVTME,8,0,-1,0.375,0.55,-11.2875,4.5987,0.0,0.25,0.0,0.5,910.0672
FVNQHLCGSHLVEALYLVCGERGFFYTPKA,30,1,2,0.4667,0.3033,9.847,6.9037,0.1667,0.3,0.2,0.4333,3399.8948
FWQTN,5,0,0,0.4,-1.16,-22.06,5.525,0.4,0.0,0.2,0.6,694.7347
TVASS,5,1,0,0.4,0.74,46.52,5.185,0.0,0.2,0.4,0.4,463.4827
NGDFEEIPEEYL,12,1,-5,0.3333,-1.1,72.825,4.05,0.1667,0.4167,0.3333,0.3333,1454.49
SLYKSIIFIKKMRRRLR,17,0,7,0.4706,-0.4,97.8765,12.0,0.1176,0.3529,0.1176,0.4118,2208.7606
ALLVTTGLVLA,11,1,0,0.7273,2.3091,-6.3455,5.57,0.0,0.5455,0.0909,0.7273,1070.3226
CKGKGAPCRKTMYDCCSGSCGRRGKC,26,1,6,0.1154,-0.8115,47.3154,9.3384,0.0385,0.2308,0.3462,0.0769,2756.2837
KTVCMSFCSFQYCDEVPCMHGDPYNVMF,28,0,-1,0.3929,0.1286,73.7464,4.5364,0.1786,0.1786,0.2857,0.3214,3282.8081
EFCVHWRPPWGYQDYFMC,18,0,0,0.4444,-0.5278,23.6778,5.3233,0.3333,0.1111,0.2222,0.3889,2364.6792
MPGTIKENIIFGVSYDEYRYRSVIKA,26,1,1,0.4615,-0.25,43.7192,8.139,0.1538,0.2308,0.2692,0.4231,3050.4853
MMIQRGVTKEHPAWNK,16,0,3,0.375,-0.9562,25.0,9.9925,0.0625,0.375,0.1875,0.25,1926.2695
KSRGYGCAFKYEHT,14,0,3,0.2857,-1.2,-22.0429,9.1126,0.2143,0.2857,0.2143,0.2857,1646.8237
MIRTMLQGKLHRVKVTHADLHYEG,24,1,5,0.4167,-0.4375,19.4458,9.6943,0.0417,0.375,0.125,0.375,2834.3257
MDPNCSCSTGGSCTCTSSCACKNCKCTSCK,30,1,2,0.0667,-0.2,106.1633,8.1129,0.0,0.1667,0.4,0.1333,3014.482
VGALAVVVWLYLWLW,15,1,0,0.9333,2.08,46.04,5.4944,0.2667,0.4,0.0667,0.8,1788.1797
SSMEAQPVNYVTLNFLVVQHFDKFLHLT,28,0,1,0.5,0.2464,19.55,5.9408,0.1429,0.2857,0.2143,0.5,3278.7317
YMITIDCIQIGYASSSEGYY,20,0,-2,0.5,0.23,69.88,4.05,0.2,0.15,0.3,0.45,2277.5243
DAEFRHDSGYEVHHQKLVFFAEDVGSNK,28,1,0,0.3571,-0.9,26.9464,5.3111,0.1429,0.2857,0.2857,0.2857,3262.4577
TPPSPF,6,1,0,0.1667,-0.5833,177.8667,5.185,0.1667,0.0,0.6667,0.3333,644.7159
CGGIRGERG,9,1,1,0.1111,-0.7889,-14.0778,8.2497,0.0,0.1111,0.4444,0.1111,904.0064
LFRQFQE,7,0,0,0.4286,-0.8,52.8286,6.2182,0.2857,0.2857,0.0,0.4286,967.0786
CNLARCQLSCKSLGLKGGCQGSFCTCG,27,1,3,0.2222,0.2556,26.4741,8.6883,0.037,0.2593,0.3333,0.2222,2738.2384
LNCKGAHRCESC,12,0,2,0.1667,-0.5583,28.7583,7.9682,0.0,0.3333,0.25,0.0833,1320.522
DKKDAT,6,0,0,0.1667,-2.2833,-5.8167,5.9598,0.0,0.5,0.3333,0.1667,676.7165
AEKA,4,1,0,0.5,-0.95,7.5,6.0461,0.0,1.0,0.0,0.0,417.4574
RSFVCEVCTRAFARQEYLKRHYRSHTNEK,29,1,6,0.3103,-1.1517,80.9759,9.6924,0.1379,0.2759,0.1034,0.3103,3616.0584
GDFEEIPEEYLQ,12,1,-5,0.3333,-1.1,112.5167,4.05,0.1667,0.4167,0.25,0.3333,1468.5166
KGSVVIVGRIILSGRK,16,1,4,0.4375,0.6438,5.4938,12.0,0.0,0.1875,0.3125,0.4375,1682.0632
ALCDDPRVDRWYCQFVEG,18,1,-2,0.3889,-0.4944,26.8611,4.226,0.1667,0.1667,0.2778,0.3333,2172.3988
FEEI,4,1,-2,0.5,0.075,137.15,4.05,0.25,0.5,0.0,0.5,536.5747
VAGMAPWHVCVGS,13,0,1,0.5385,1.0231,37.2077,6.7029,0.0769,0.2308,0.3077,0.3077,1313.5473
SACSA,5,1,0,0.4,0.9,95.88,5.2381,0.0,0.4,0.4,0.0,437.4686
FTLDADF,7,1,-2,0.5714,0.5,-14.3286,4.05,0.2857,0.2857,0.2857,0.5714,827.8771
VKLIPSWTTVILVKSMLRKRSFGNPF,26,1,5,0.4615,0.3077,51.9423,12.0,0.1154,0.2692,0.2692,0.5,3018.6621
HKVYPWYNPATAYCWC,16,0,2,0.5,-0.4625,45.1063,8.0308,0.3125,0.1875,0.1875,0.4375,2002.2758
VITGDPGYAKAWFNDWLMVWGEWDH,25,0,-2,0.52,-0.32,4.04,4.2192,0.24,0.24,0.32,0.44,2994.2943
MAQDIISTIGDLVKWIIDTVNKFTKK,26,1,1,0.4615,0.15,23.9885,8.1896,0.0769,0.2692,0.2308,0.5,2978.504
AAAASSST,8,1,0,0.5,0.5125,56.9,5.57,0.0,0.5,0.375,0.125,664.6627
LVTQVMMFSCYWE,13,0,-1,0.6154,0.8154,5.9846,4.5989,0.2308,0.3077,0.0769,0.5385,1636.9511
SYVKA,5,1,1,0.6,0.0,2.24,8.3101,0.2,0.4,0.2,0.4,566.647
LRVYNVNNRDFASYVW,16,0,1,0.5625,-0.3938,11.9875,8.5886,0.25,0.125,0.3125,0.5,2016.2178
AKSPQRAQPMVTREYREN,18,0,2,0.2778,-1.7333,36.9556,9.9789,0.0556,0.3333,0.2222,0.1667,2161.4013
QWTPMAMQYIPRLCPDYRGQYACRLRATH,29,0,4,0.4138,-0.7,19.9759,9.3857,0.1379,0.2414,0.1724,0.3103,3527.0909
SAFYEARNHNHQLCADTHLVVP,22,0,2,0.4091,-0.4227,35.3732,6.198,0.0909,0.2727,0.2273,0.3182,2522.7519
ALLVTVGLVLA,11,1,0,0.8182,2.7545,-6.3455,5.57,0.0,0.5455,0.0909,0.7273,1068.3497
HCRKLRHEG,9,0,4,0.1111,-1.8778,42.2556,9.5048,0.0,0.3333,0.1111,0.1111,1135.3034
VKAETRLNPDLQPTE,15,1,-1,0.2667,-1.1267,47.88,4.9353,0.0,0.4,0.2667,0.3333,1710.8828
SLDRSSCFTGSLDSIRAQSGLGCNSFRY,28,1,1,0.2857,-0.2857,58.0107,7.7885,0.1071,0.1429,0.4643,0.2857,3028.2928
TPYDINQML,9,1,-1,0.4444,-0.4333,26.8222,4.05,0.1111,0.2222,0.3333,0.4444,1094.238
HLPAAIYLINWSDDRWANDDIKKMSA,26,0,0,0.5,-0.4846,59.9654,5.3616,0.1154,0.3462,0.3462,0.3077,3044.3981
GQITP,5,0,0,0.2,-0.34,8.0,5.525,0.0,0.0,0.4,0.4,514.5725
YRSDRKGKPISKCTQTTWQIFG,22,0,4,0.2273,-1.1455,11.8182,10.0292,0.1364,0.1364,0.2727,0.3636,2600.9485
HAEGTFTSDVSSYLEGQAAKEFIAWLVKGR,30,1,0,0.4333,-0.23,17.6933,5.5302,0.1333,0.3667,0.2333,0.3667,3298.6142
ARFAECKYSVGAERYFHIYVCVP,23,0,2,0.5217,0.1435,42.2087,8.0704,0.2174,0.2609,0.1304,0.3913,2709.1074
GEEELQENQELIREKSN,17,1,-4,0.1765,-1.9118,80.7294,4.2064,0.0,0.5294,0.2353,0.1765,2045.1223
ALLVTAGIVLA,11,1,0,0.8182,2.6,-14.0636,5.57,0.0,0.5455,0.0909,0.6364,1040.2966
AAAGGG,6,1,0,0.5,0.7,49.4667,5.57,0.0,0.5,0.5,0.0,402.4029
KWMTHYMTL,9,0,2,0.5556,-0.3444,126.4444,8.5982,0.2222,0.4444,0.0,0.5556,1210.4674
NPKDFNQR,8,0,1,0.125,-2.65,-13.7,8.7477,0.125,0.125,0.5,0.125,1018.0841
GSGVRGDFGSLAPRVARQL,19,1,2,0.3684,-0.1526,17.3421,11.699,0.0526,0.2105,0.4211,0.2632,1943.1708
MHI,3,0,1,0.6667,1.0667,344.0667,6.4914,0.0,0.3333,0.0,0.3333,399.5082
DAEFRHDSGYEVHHQKLVFFAEDVGSNK,28,1,0,0.3571,-0.9,26.9464,5.3111,0.1429,0.2857,0.2857,0.2857,3262.4577
QTMYPMHRWIIVK,13,0,3,0.5385,-0.2,110.5154,9.9944,0.1538,0.2308,0.0769,0.4615,1703.0822
DFEEIPEEYLQ,11,1,-5,0.3636,-1.1636,121.8364,4.05,0.1818,0.4545,0.1818,0.3636,1411.4653
PDQNVDNGLT,10,0,-2,0.2,-1.22,-28.6,4.05,0.0,0.1,0.6,0.3,1072.0835
VLAAVIFIYFAALSPAITFG,20,1,0,0.8,2.105,47.27,5.4944,0.2,0.35,0.15,0.6,2084.4971
DTNLIEFE,8,1,-3,0.375,-0.45,26.1,4.05,0.125,0.375,0.25,0.5,980.0262
TACSECVCPLR,11,1,0,0.2727,0.5636,134.6545,5.659,0.0,0.2727,0.1818,0.2727,1181.4066
SDMMVGNNVRARKSIHL,17,0,3,0.4118,-0.3706,4.9882,10.8344,0.0,0.2941,0.3529,0.2353,1928.2439
WVACMTM,7,0,0,0.7143,1.5286,101.6714,5.5181,0.1429,0.4286,0.0,0.4286,841.0729
MKGNEEWKGKVFWHQAGS,18,0,2,0.3333,-1.2222,8.7778,8.2763,0.1667,0.3889,0.2778,0.2222,2119.361
QQPQAVHTYCGRHLARTLADLCWEAGVD,28,1,1,0.3929,-0.3714,34.5214,6.02,0.0714,0.2857,0.1786,0.3214,3139.4826
DLMCNIQFKHEM,12,0,0,0.4167,-0.3083,26.975,5.3203,0.0833,0.4167,0.1667,0.25,1508.784
HWQFWQNQDQSAAPDFREGCMLDMHLKGC,29,0,0,0.3448,-0.8862,51.8345,5.261,0.1379,0.2759,0.2759,0.2069,3479.8588
DAEEKKA,7,0,-1,0.2857,-2.1,55.1429,4.6791,0.0,0.8571,0.1429,0.0,789.8311
APR,3,1,1,0.3333,-1.4333,45.7333,9.795,0.0,0.3333,0.3333,0.0,342.3941
FMW,3,0,0,1.0,1.2667,6.6667,5.525,0.6667,0.3333,0.0,0.6667,482.595
ALLVTVALVLA,11,1,0,0.9091,2.9545,1.3727,5.57,0.0,0.6364,0.0,0.7273,1082.3763
GIGKYLHSAKKFGKAWVGEIMNS,23,1,4,0.4348,-0.2565,-3.7957,9.8256,0.1304,0.3913,0.3043,0.3043,2521.9327
YNDTCHWR,8,0,1,0.25,-1.8875,27.1125,6.7344,0.25,0.0,0.25,0.375,1094.1602
REGRIGGC,8,1,1,0.125,-0.8375,24.175,8.2497,0.0,0.125,0.375,0.125,846.9551
PPRPLPVAPGSSKT,14,1,2,0.2143,-0.6643,86.4429,11.0059,0.0,0.2143,0.5714,0.2143,1403.6256
FVNQHLCGSHLVEALYLVCGERGFFYTPKA,30,1,2,0.4667,0.3033,9.847,6.9037,0.1667,0.3,0.2,0.4333,3399.8948
PTLSVDIH,8,0,0,0.375,0.3375,5.3875,5.0835,0.0,0.125,0.375,0.5,880.9846
NRLLLTG,7,1,1,0.4286,0.3286,-3.5571,9.75,0.0,0.4286,0.2857,0.5714,785.9316
AVRLPNYAAVDYYTRFAIIECRLT,24,0,1,0.5833,0.275,59.4333,8.2178,0.1667,0.2917,0.125,0.5,2819.2397
KETAAAKAERQHMDS,15,1,1,0.3333,-1.46,35.0133,6.7593,0.0,0.6,0.1333,0.0667,1672.8183
SKTEV,5,0,0,0.2,-0.94,46.52,5.7182,0.0,0.4,0.2,0.4,562.6138
YYFHSPVPFGNHPVTCAPMYHGID,24,0,2,0.4167,-0.1875,68.8917,6.2606,0.2083,0.0833,0.375,0.375,2750.0714
DVAD,4,1,-2,0.5,-0.25,-13.725,4.05,0.0,0.25,0.5,0.25,418.399
CQTLKFFDEPKWHASMRM,18,0,2,0.3889,-0.6944,27.0611,8.2065,0.1667,0.3889,0.1667,0.2778,2255.6398
KSMWDAPDPTNPVNVSCLKVWNST,24,0,0,0.3333,-0.5458,34.7042,5.9527,0.0833,0.2083,0.4583,0.3333,2690.015
KWKLFKKIKFLHSAKKF,17,1,8,0.4706,-0.5824,-14.4118,10.7784,0.2353,0.5882,0.0588,0.4118,2177.72
NTSSEEQKCFAVISQEDGQNKPHGQNA,27,0,-1,0.1852,-1.3852,63.4963,4.8333,0.037,0.2593,0.3704,0.1481,2947.0679
IRPDGKWVSRGLTLHIISYISYTLFRCYL,29,0,4,0.4828,0.2621,23.7793,9.6251,0.1724,0.1724,0.2414,0.5517,3472.0669
IIPSKDPRWFDLEWWGEVANALAEV,25,0,-3,0.52,-0.132,27.808,4.1776,0.16,0.36,0.28,0.4,2942.2813
DCAWHLGELVWCT,13,1,-1,0.4615,0.4231,46.7231,4.3531,0.1538,0.3077,0.1538,0.4615,1532.7409
AYLEIIAPYEPHGPQSYPFHLHH,23,0,2,0.4348,-0.513,68.1174,5.9948,0.1739,0.2609,0.2609,0.3478,2716.9987
GIVDECCLRPCSVDVLLSYC,20,1,-2,0.4,0.93,33.07,4.05,0.05,0.2,0.3,0.4,2187.5791
HARLPVWVQVNINFYGINKKSMNHVG,26,0,5,0.4615,-0.2115,41.235,10.2898,0.1154,0.1923,0.3077,0.3846,3022.4865
SHSFSYILSKNAGWNLWRSTMM,22,0,3,0.4545,-0.2864,58.9455,9.9924,0.1818,0.2727,0.3636,0.3636,2616.969
RGPGRAFVTI,10,1,2,0.4,0.12,-7.98,12.0,0.1,0.1,0.3,0.4,1073.2487
GALAVVVWLYLWLW,14,1,0,0.9286,1.9286,54.6786,5.5243,0.2857,0.4286,0.0714,0.7857,1689.0487
GIVEQCCTSICSLYQLENYCN,21,1,-2,0.3333,0.2143,22.5429,4.05,0.0952,0.1905,0.2381,0.381,2383.6961
PPPPPPPPPPPPPPP,15,1,0,0.0,-1.6,189.0933,5.955,0.0,0.0,1.0,0.0,1474.7433
YDAFVMVTCRYRFCNEFKATALFGDGPA,28,0,0,0.5,0.15,7.8464,6.1063,0.2143,0.2857,0.2143,0.3929,3193.6306
DVRGDQWRKQAESLERCVKMTSNGQERLD,29,0,0,0.2414,-1.469,29.6345,6.3469,0.0345,0.3103,0.2759,0.2069,3435.7621
CGGIRGERA,9,1,1,0.2222,-0.5444,-4.6444,8.2497,0.0,0.2222,0.3333,0.1111,918.033
QYLSQQCGWLWDRFYAGEHQDAHDG,25,0,-1,0.36,-1.152,56.0924,4.6361,0.2,0.2,0.28,0.28,3011.1577
DNQVREQYHQ,10,0,0,0.2,-2.58,17.98,5.3206,0.1,0.1,0.2,0.2,1316.3361
GILGFVFT,8,1,0,0.625,2.075,22.2125,5.525,0.25,0.125,0.25,0.75,853.0156
ETWTGTRQLAIQCPMKLRLVRI,22,0,3,0.4091,-0.0955,3.7136,10.764,0.0455,0.3182,0.0909,0.4545,2614.141
MPGTIKENIIGVSYDEYRYRSVIKA,25,1,1,0.44,-0.372,45.068,8.139,0.12,0.24,0.28,0.4,2903.3115
GLWVVCCHFCES,12,0,0,0.4167,1.1417,56.4,5.2394,0.1667,0.1667,0.1667,0.4167,1382.6292
PKYVKQNTLKLAT,13,1,3,0.3846,-0.7231,5.6077,10.0095,0.0769,0.4615,0.1538,0.4615,1503.7843
SLTDDLWRAMMEAWMRL,17,1,-1,0.5882,-0.1235,31.1412,4.5562,0.1176,0.5294,0.1765,0.3529,2125.4931
GGGGGGGGAASHQRVTPDWMLPLILGLYG,29,1,1,0.3793,0.131,49.5069,6.7436,0.069,0.2414,0.4828,0.3103,2795.1354
TTSCYTKPADV,11,0,0,0.2727,-0.4273,33.9455,5.4966,0.0909,0.1818,0.2727,0.4545,1185.3042
LFISNVSGWQ,10,0,0,0.5,0.54,21.34,5.525,0.2,0.1,0.4,0.5,1150.2829
ALLVTAGLVLA,11,1,0,0.8182,2.5364,1.3727,5.57,0.0,0.6364,0.0909,0.6364,1040.2966
CYVYRWCMARPVREIIDLYKH,21,0,3,0.5238,-0.1952,74.0714,8.8209,0.1905,0.2381,0.0952,0.4286,2715.2246
CRHPTFPWRSHEPAWHWTPGKYM,23,0,5,0.3043,-1.3043,82.9478,9.3119,0.2174,0.1739,0.2609,0.3043,2908.2816
DFEEIPEEYLQ,11,1,-5,0.3636,-1.1636,121.8364,4.05,0.1818,0.4545,0.1818,0.3636,1411.4653
NGDFEEIPEEYL,12,1,-5,0.3333,-1.1,72.825,4.05,0.1667,0.4167,0.3333,0.3333,1454.49
VPPPVPPRRR,10,1,3,0.2,-1.31,231.58,12.0,0.0,0.0,0.5,0.2,1170.4104
YNEEMLPLINWQ,12,0,-2,0.5,-0.6083,43.7417,4.05,0.1667,0.4167,0.25,0.4167,1549.7448
QFGDGQLCLDINVWQKNNGPNFHVSHQLHY,30,0,2,0.3333,-0.73,18.2,6.2542,0.1333,0.1333,0.3667,0.3333,3509.8199
CRKCAETIPCKMAMADKLIMA,21,0,2,0.4762,0.3667,25.5857,8.6559,0.0,0.5714,0.0952,0.1905,2327.9395
FVNQHLCGSHLVEALYLVCGERGFFYTPKA,30,1,2,0.4667,0.3033,9.847,6.9037,0.1667,0.3,0.2,0.4333,3399.8948
FCGDVTDEFTTKEYMWVRNQRQ,22,0,-1,0.3182,-1.0773,32.7364,4.7829,0.1818,0.1818,0.1818,0.4091,2754.0174
GYY,3,1,0,0.6667,-1.0,19.5,5.5236,0.6667,0.0,0.3333,0.6667,401.413
GNLWATGHFM,10,1,1,0.5,0.12,-9.7,6.7411,0.2,0.3,0.3,0.4,1133.2789
FIWLDMWEWTH,11,0,-1,0.6364,-0.0545,-7.0182,4.3531,0.3636,0.2727,0.0909,0.6364,1563.7746
GCCSLPPCALSNPDYC,16,1,-1,0.25,0.2687,22.225,4.05,0.0625,0.1875,0.5,0.1875,1642.8947
CLGR,4,1,1,0.25,0.35,55.65,8.2497,0.0,0.25,0.25,0.25,447.5528
KAK,3,1,2,0.3333,-2.0,6.6667,10.0027,0.0,1.0,0.0,0.0,345.4378
EYRIDRVRLFVDKLDNIAQVPRVG,24,1,1,0.4583,-0.3417,2.5708,8.6841,0.0833,0.2083,0.25,0.4167,2872.2842
IQSRATCRALFRPKEMVRSDPRS,23,0,4,0.3043,-0.8652,80.3478,11.4196,0.0435,0.2609,0.2609,0.2174,2705.1276
PATLKICSWNVDG,13,1,0,0.3846,0.1154,8.9154,6.2159,0.0769,0.2308,0.3846,0.3846,1403.6022
GIVEQCCTSICSLYQLENYCN,21,1,-2,0.3333,0.2143,22.5429,4.05,0.0952,0.1905,0.2381,0.381,2383.6961
TVELQGVVPR,10,1,0,0.4,0.22,53.32,5.6638,0.0,0.2,0.2,0.5,1097.2652
KVQRLEYAKGRPYTKNLNHDRLFSIL,26,0,5,0.3846,-0.9038,20.8423,10.1615,0.1154,0.3462,0.2308,0.3846,3160.6292
FVNQHLCGSHLVEALYLVCGERGFFYTPKA,30,1,2,0.4667,0.3033,9.847,6.9037,0.1667,0.3,0.2,0.4333,3399.8948
VEDWYEGT,8,0,-3,0.375,-1.2,12.7875,4.05,0.25,0.25,0.25,0.5,998.0
KPK,3,1,2,0.0,-3.1333,-18.4667,10.0027,0.0,0.6667,0.3333,0.0,371.4751
NGDFEEIPEEYL,12,1,-5,0.3333,-1.1,72.825,4.05,0.1667,0.4167,0.3333,0.3333,1454.49
WWNQIVQFPWMQECLPEKKPGV,22,0,0,0.4091,-0.5818,69.9318,6.1353,0.1818,0.2727,0.2273,0.3636,2744.1946
FRVR,4,1,2,0.5,-0.5,7.5,12.0,0.25,0.0,0.0,0.5,576.6915
GTQWFMECTGLYKWMGGIDFIHTGVCYEE,29,0,-2,0.4138,-0.0586,41.8552,4.6027,0.2069,0.2414,0.2069,0.4483,3402.8491
DRPYFKEIVCFRPSL,15,0,1,0.4,-0.3067,39.9867,8.1974,0.2,0.2,0.2667,0.4,1870.178
KSK,3,1,2,0.0,-2.8667,6.6667,10.0027,0.0,0.6667,0.3333,0.0,361.4372
GVQAVHFWWQFLMCRS,16,0,2,0.5625,0.3937,25.6438,8.2586,0.25,0.1875,0.125,0.4375,1995.3311
KFK,3,1,2,0.3333,-1.6667,-43.4333,10.0027,0.3333,0.6667,0.0,0.3333,421.5337
KAK,3,1,2,0.3333,-2.0,6.6667,10.0027,0.0,1.0,0.0,0.0,345.4378
GCCSDPRCNMNNPDYC,16,1,-1,0.125,-0.9875,-1.85,4.2078,0.0625,0.0625,0.5625,0.0625,1791.9834
IYNIGWASSGWNLQLE,16,0,-1,0.5,-0.0687,82.9938,4.5989,0.1875,0.25,0.375,0.4375,1851.0222
QVQMSIISH,9,0,1,0.4444,0.3667,49.3333,6.7411,0.0,0.1111,0.2222,0.3333,1042.2098
VGALAVVVWLWLWLW,15,1,0,0.9333,2.1067,70.0533,5.495,0.2667,0.4,0.0667,0.8,1811.2164
IGFER,5,0,0,0.4,-0.22,8.0,6.0021,0.2,0.2,0.2,0.4,620.6977
VDMD,4,0,-2,0.5,-0.225,-30.075,4.05,0.0,0.25,0.5,0.25,478.5171
STVHEILSKLSLE,13,1,0,0.3846,0.2231,32.3308,5.5263,0.0,0.4615,0.2308,0.4615,1455.6521
FVNQHLCGSHLVEALYLVCGERGFFYTPKA,30,1,2,0.4667,0.3033,9.847,6.9037,0.1667,0.3,0.2,0.4333,3399.8948
PDCNCEAVNE,10,0,-3,0.2,-0.81,-1.42,4.05,0.0,0.3,0.4,0.1,1093.1458
SEAAASTAVVIA,12,1,-1,0.6667,1.3417,25.2167,4.05,0.0,0.5,0.1667,0.3333,1089.1969
VVD,3,1,-1,0.6667,1.6333,-43.4333,4.2993,0.0,0.0,0.3333,0.6667,331.3647
CKGKGAKCSRLMYDCCTGSCRSGKC,25,1,5,0.16,-0.464,59.528,9.1257,0.04,0.28,0.32,0.12,2646.1664
ADCGLRPLFEKKSLEDKTERELLESYI,27,1,-2,0.3333,-0.7481,39.0074,4.7681,0.0741,0.5185,0.2222,0.3333,3183.5868
CEHFRWCKPV,10,1,2,0.3,-0.56,60.09,8.0682,0.2,0.2,0.1,0.3,1304.5423
LWGKWYPCDWR,11,0,1,0.4545,-1.0545,35.3455,8.1974,0.3636,0.1818,0.2727,0.4545,1509.7306
SGEADH,6,0,-1,0.1667,-1.6,-18.3833,4.3517,0.0,0.3333,0.5,0.0,614.5625
FVNQHLCGEHLVEALYLVCGERGFFYTPKT,30,1,1,0.4333,0.13,4.8203,6.0211,0.1667,0.3,0.1667,0.4667,3471.9575
NGGY,4,1,0,0.25,-1.4,-20.45,5.5243,0.25,0.0,0.75,0.25,409.3937
CYTSQESIDTNFGAQRFNMKYDEYML,26,0,-2,0.3846,-0.8346,33.9731,4.3167,0.1923,0.2692,0.2692,0.3462,3155.4486
GVQSLKRRRCF,11,1,4,0.2727,-0.8,175.1,11.7126,0.0909,0.1818,0.1818,0.2727,1349.6078
LPFQGYFNKD,10,0,0,0.4,-0.83,62.71,6.0863,0.3,0.2,0.4,0.4,1228.3517
GGKKKYQL,8,1,3,0.25,-1.6875,13.5625,10.0014,0.125,0.5,0.25,0.25,921.0948
VRRFPWWWPFLRR,13,1,4,0.5385,-0.7923,139.5846,12.0,0.3846,0.0769,0.1538,0.5385,1902.2544
CGVPAIQPVLSGL,13,1,0,0.4615,1.2692,68.4923,5.5181,0.0,0.2308,0.3846,0.3846,1253.5104
HTEATKGKRFRFWYYWQINDVRSV,24,0,4,0.4167,-1.05,40.1042,9.9889,0.25,0.1667,0.1667,0.4583,3088.4372
DGQFPFEQDDSFEQAHFDTKIKF,23,0,-3,0.3043,-1.1174,39.7783,4.2284,0.2174,0.2174,0.3043,0.3043,2776.9166
PPGPPG,6,1,0,0.0,-1.2,72.5333,5.955,0.0,0.0,1.0,0.0,520.5787
PGPCCNDKCVCQEGGCKAGCQCTSCRCS,28,1,1,0.0714,-0.3,27.7179,7.9334,0.0,0.1429,0.3571,0.0714,2841.2971
INIGMNAMQEIADFKPVHGVNTHQDWVR,28,0,1,0.4286,-0.375,26.6036,5.9995,0.0714,0.2143,0.2857,0.3214,3221.6259
MEM,3,0,-1,0.6667,0.1,6.6667,4.05,0.0,1.0,0.0,0.0,409.5213
FRQCNAEPELISKCFIYECGILF,23,0,-1,0.4348,0.3826,51.1,4.7859,0.1739,0.3043,0.1739,0.3913,2724.1801
DKSNVRVGYKSMLNSDDKNP,20,0,1,0.25,-1.44,-8.92,8.4304,0.05,0.25,0.55,0.2,2267.4751
REGRIGGC,8,1,1,0.125,-0.8375,24.175,8.2497,0.0,0.125,0.375,0.125,846.9551
DFEEIPEEYL,10,1,-5,0.4,-0.93,100.42,4.05,0.2,0.5,0.2,0.4,1283.3361
ICNKHHTSEDGQQLFGRKSA,20,0,3,0.2,-1.195,46.46,8.2151,0.05,0.25,0.3,0.2,2256.4575
RYCRHWAQHKG,11,0,5,0.2727,-1.9182,17.2727,10.0537,0.1818,0.1818,0.0909,0.1818,1441.622
CAIDYWECASGHQG,14,0,-1,0.3571,-0.3143,33.2643,4.3531,0.1429,0.2143,0.2857,0.2143,1539.6474
LFMSTHVVGFC,11,0,1,0.5455,1.5545,41.3182,6.7319,0.1818,0.1818,0.1818,0.5455,1240.4932
ACENEDFEEIPGEYL,15,1,-6,0.3333,-0.8267,74.0667,4.05,0.1333,0.4667,0.2667,0.2667,1757.8248
NGMKFS,6,0,1,0.3333,-0.65,-16.7167,8.7501,0.1667,0.3333,0.5,0.1667,682.7886
ITARVHLWKGPPAIIWAPSEQDQFIARGMA,30,0,2,0.5,0.0233,53.43,8.7527,0.1,0.3,0.2333,0.3333,3360.8856
GGTYSCHFGPLTWVCKPQGG,20,1,2,0.25,-0.22,39.11,8.055,0.15,0.1,0.4,0.35,2095.3594
EKFNEMLQRHGVVSFSGGLRG,21,0,2,0.3333,-0.4667,40.2857,8.85,0.0952,0.2857,0.3333,0.2857,2348.6387
PGPCCNDKCVCQEGGCKAGCQCTSCRCS,28,1,1,0.0714,-0.3,27.7179,7.9334,0.0,0.1429,0.3571,0.0714,2841.2971
FHCVPRDLSWLDLEANMCLP,20,1,-1,0.45,0.215,37.02,4.5365,0.1,0.35,0.3,0.35,2359.7442
MEISFLEQPKFCEIDHKRWV,20,0,0,0.4,-0.465,100.555,5.5099,0.15,0.35,0.15,0.35,2535.9362
GPPGPPGFPGERGPPGPPGPP,21,1,0,0.0476,-1.219,56.919,6.0021,0.0476,0.0476,0.8571,0.0476,1918.1151
TSCAEWMWPRYSINHWDMSNLLAWM,25,0,0,0.52,-0.296,45.964,5.2902,0.2,0.32,0.28,0.36,3129.5702
QWESLEFHDRPTMPDTACE,19,0,-3,0.2632,-1.1684,60.1526,4.3596,0.1053,0.3158,0.2632,0.2632,2292.4599
RHYKNLIERQRY,12,1,4,0.3333,-2.1167,108.2167,10.2671,0.1667,0.25,0.0833,0.3333,1675.8914
APAAAAQAVAGLAPVAAEQF,20,1,-1,0.7,0.945,53.88,4.05,0.05,0.6,0.15,0.2,1824.0418
GIVEQCCTSICSLYQLENYCN,21,1,-2,0.3333,0.2143,22.5429,4.05,0.0952,0.1905,0.2381,0.381,2383.6961
NQFVPRLYGFKIHPMAYQLQLQA,23,1,3,0.5217,-0.1783,28.7348,9.6999,0.1739,0.3043,0.1739,0.3913,2763.2209
KPSSPPEELKFQCGQKTLRPRFK,23,1,4,0.1739,-1.3913,72.2087,10.0292,0.087,0.3478,0.3043,0.2174,2702.1386
ARRKWQKTGHAVRAIGRLSS,20,1,7,0.35,-0.93,43.525,12.0,0.05,0.3,0.2,0.25,2278.6221
PVQETLHGC,9,1,0,0.2222,-0.2667,40.1667,5.2475,0.0,0.2222,0.2222,0.3333,983.0997
ALLVTAGLVLA,11,1,0,0.8182,2.5364,1.3727,5.57,0.0,0.6364,0.0909,0.6364,1040.2966
TWDDEYWFMFVYYKGILR,18,0,-1,0.6111,-0.3167,9.9667,4.5554,0.3889,0.2222,0.1667,0.6111,2432.7465
CGVPAIQPVLSGL,13,1,0,0.4615,1.2692,68.4923,5.5181,0.0,0.2308,0.3846,0.3846,1253.5104
KPIVQYDNF,9,1,0,0.4444,-0.6444,-7.6889,5.8349,0.2222,0.1111,0.3333,0.4444,1123.2576
KKASLFDMFDF,11,1,0,0.5455,0.0273,24.6727,5.9598,0.2727,0.4545,0.2727,0.3636,1348.5649
ARHYKNLIERQRY,13,1,4,0.3846,-1.8154,100.6615,10.2673,0.1538,0.3077,0.0769,0.3077,1746.9693
DECWKPM,7,0,-1,0.2857,-1.2857,83.6286,4.3703,0.1429,0.4286,0.2857,0.1429,908.053
VCRDVPVSWYFVRLHPMWQ,19,0,2,0.5263,0.0789,24.2632,8.2023,0.2105,0.1053,0.2105,0.4737,2418.8376
GDFEEIPEEYLQ,12,1,-5,0.3333,-1.1,112.5167,4.05,0.1667,0.4167,0.25,0.3333,1468.5166
LHNCHIYQYDPYG,13,0,1,0.3846,-0.9231,89.9923,5.9678,0.2308,0.0769,0.3077,0.3846,1622.7573
GPMHLEGWPEHNDCNYAYHHTAEC,24,0,0,0.2917,-1.1542,79.5917,5.1848,0.125,0.2917,0.2917,0.2083,2811.9955
HMTHLHKQCFEDYLTGHMN,19,0,3,0.3158,-0.9,34.5632,6.4208,0.1053,0.3158,0.1579,0.3158,2342.6342
FVVCEQYHYYRLQLNKQSE,19,0,1,0.4211,-0.8421,118.1842,6.7597,0.2105,0.2632,0.1053,0.4211,2447.7216
RIHWNYGGFVCPPNDTHTGDYS,22,0,1,0.2727,-0.9545,24.5955,5.9773,0.1818,0.0,0.4545,0.3636,2536.6906
NICIQNGVDDSFKDCERE,18,0,-3,0.2222,-0.9222,19.5056,4.2963,0.0556,0.1667,0.3889,0.2222,2085.2323
ENFNGGCLAGYMRTADGRCKPTF,23,1,1,0.3043,-0.5609,20.7652,8.1366,0.1304,0.2609,0.3478,0.2609,2508.8098
NAANYNHTCNQKHYLSDWFTEDQHKDYQ,28,0,1,0.2857,-1.7929,42.1643,5.7408,0.1786,0.2143,0.2857,0.2857,3471.5967
FWGPPGVI,8,0,0,0.5,0.825,19.8625,5.525,0.25,0.0,0.5,0.5,872.0206
VVSLDIRWVESWDV,14,0,-2,0.5714,0.4786,57.8929,4.05,0.1429,0.1429,0.2857,0.5714,1702.9034
LIKLIAGQVWWTCTIGGNHKWTTE,24,0,2,0.4167,0.0583,19.9208,8.2072,0.125,0.25,0.1667,0.5417,2756.184
VVCKQYFEACKCFVTHGFPMIPNCIRVFE,29,0,2,0.4483,0.5379,25.9103,7.8584,0.1724,0.2069,0.1379,0.4138,3410.0834
GRCCHPACGKYYSC,14,1,3,0.2143,-0.4,101.6929,8.5193,0.1429,0.1429,0.2857,0.1429,1547.8036
DYQRLN,6,1,0,0.3333,-2.0833,8.3333,5.8357,0.1667,0.1667,0.3333,0.3333,807.851
SNLKD,5,0,0,0.2,-1.58,-8.98,5.8054,0.0,0.4,0.6,0.2,575.6125
YMVKQAGIEGFMGHYQGTRFKEQRSWSNP,29,0,3,0.3448,-1.0379,72.031,9.5246,0.1724,0.2414,0.2759,0.2759,3433.8301
ETSQTPAG,8,0,-1,0.125,-1.175,56.9,4.05,0.0,0.25,0.375,0.25,789.788
KSLTIYAQVQK,11,1,2,0.4545,-0.3,23.7636,9.703,0.0909,0.3636,0.0909,0.4545,1278.4968
FPIPLPYCWLCRALIKRIQAMIPKG,25,1,4,0.52,0.536,43.36,9.8475,0.12,0.32,0.2,0.4,2928.6703
ALDKLKEFGNTLEDKARE,18,1,-1,0.3333,-1.1389,-8.1556,5.1096,0.0556,0.6111,0.2222,0.2778,2077.2949
HAGPIA,6,1,1,0.5,0.4833,8.3333,6.7411,0.0,0.3333,0.3333,0.1667,564.6345
GNVLQLGTSKRNGEKQCEKFP,21,0,2,0.1905,-1.1619,44.4524,9.196,0.0476,0.3333,0.3333,0.2381,2333.6227
YEELKWGRNQ,10,0,0,0.3,-2.12,20.0,6.1426,0.2,0.4,0.2,0.3,1322.4251
MRGSHHHHHHTDPM,14,1,6,0.1429,-1.9214,-12.9357,7.0148,0.0,0.1429,0.2857,0.0714,1716.8639
TTYADFIASGRTGRRNAIHD,20,1,2,0.35,-0.75,50.06,8.4356,0.1,0.15,0.3,0.35,2222.3766
HAGPIA,6,1,1,0.5,0.4833,8.3333,6.7411,0.0,0.3333,0.3333,0.1667,564.6345
DPGGGGGNGDFEEIPEYL,18,1,-5,0.2222,-0.9333,56.4778,4.05,0.1111,0.2222,0.6111,0.2222,1822.8351
NVKVKMEIMFDW,12,0,0,0.5833,0.025,50.7917,6.069,0.1667,0.4167,0.1667,0.4167,1539.8592
SCVYIPCTVTALLGCSCSNRVCYNGIPCAE,30,1,0,0.3667,0.7467,19.6233,5.9247,0.0667,0.1667,0.3,0.3667,3140.6759
GYENPTYKFF,10,1,0,0.4,-1.06,-9.91,5.9999,0.4,0.2,0.3,0.5,1265.3686
HMTWKKNGQLLGSL,14,0,3,0.3571,-0.5643,-14.2429,10.0028,0.0714,0.4286,0.2857,0.3571,1612.8935
GIVEQCCASVCSLYQLENYCN,21,1,-2,0.381,0.319,7.019,4.05,0.0952,0.2381,0.2381,0.3333,2339.6435
REGRIGGC,8,1,1,0.125,-0.8375,24.175,8.2497,0.0,0.125,0.375,0.125,846.9551
PNQHNCCSVLLFSDSHNTIAAG,22,0,1,0.3182,-0.0591,31.2318,5.9877,0.0455,0.1818,0.4091,0.2727,2328.5398
LYIRKQPCKIEPECTSFASQKVTYAAITLP,30,0,2,0.4,-0.0933,86.07,8.7873,0.1,0.3333,0.1667,0.4,3399.9749
LPWVGGPNAHNYDLSNINWNIDSAPMTM,28,0,-1,0.4286,-0.375,69.8429,4.1967,0.1071,0.2143,0.5,0.3214,3128.4513
NFAEFEGQTNIHSRKRPYV,19,0,2,0.3158,-1.1737,60.7053,8.5963,0.1579,0.2105,0.2632,0.3158,2293.4957
NCLYD,5,0,-1,0.4,-0.4,88.12,4.2994,0.2,0.2,0.4,0.4,626.679
WISWWWDCLDQC,12,0,-2,0.5,-0.1333,18.9333,4.05,0.3333,0.0833,0.25,0.5,1640.8372
IKENLKDCGLF,11,1,0,0.3636,-0.1182,-6.3455,6.0618,0.0909,0.4545,0.2727,0.3636,1279.5047
VPLRPMTY,8,1,1,0.5,0.025,67.95,8.7176,0.125,0.25,0.25,0.5,976.1931
KWKLFKKIGIGKFLHSAKKF,20,1,8,0.45,-0.31,-14.995,10.7784,0.2,0.5,0.15,0.4,2404.9802
HCNGTIEG,8,0,0,0.125,-0.5875,34.275,5.24,0.0,0.125,0.375,0.25,829.8782
TPGVY,5,1,0,0.4,0.04,-7.08,5.1849,0.2,0.0,0.4,0.6,535.5899
CGVPAIQPVLSGL,13,1,0,0.4615,1.2692,68.4923,5.5181,0.0,0.2308,0.3846,0.3846,1253.5104
TYETL,5,1,-1,0.4,-0.48,-7.08,4.05,0.2,0.4,0.0,0.8,625.6679
MISSVCVSSYRGRKSGNKPPSKTCLKEEMA,30,1,4,0.2667,-0.62,45.4867,9.5911,0.0333,0.3333,0.3667,0.2,3274.8133
IASASCTTCICTCSCSS,17,1,0,0.2353,1.1176,97.4471,5.4925,0.0,0.1176,0.2941,0.2941,1640.899
YCVFMPKGRPIRGPWRTQRSAVDRNFIC,28,0,5,0.3571,-0.5179,26.4071,10.8068,0.1429,0.1071,0.2857,0.3214,3354.9323
FIVEDFAWRQWFKGQGANNHYFRCGSE,27,0,1,0.4074,-0.7296,29.5111,6.7644,0.2593,0.1852,0.2593,0.3333,3293.584
HCVASRMYRGCDKKNSKHRAKKRMIIFV,28,0,10,0.3571,-0.7714,28.7036,10.6387,0.0714,0.3214,0.1786,0.2143,3364.0519
RSFVCEVCTRAFARQEALKRHYRSHTNEK,29,1,6,0.3103,-1.0448,80.9759,9.8383,0.1034,0.3103,0.1034,0.2759,3523.9631
WIQVITALAPQAPAPF,16,1,0,0.625,0.85,76.8875,5.525,0.125,0.3125,0.1875,0.4375,1723.0223
NPIV,4,1,0,0.5,0.9,-20.925,5.525,0.0,0.0,0.5,0.5,441.5217
KGPVCFSCGKTGHIKRDCKEE,21,1,3,0.1429,-0.9095,70.019,8.6353,0.0476,0.2857,0.2857,0.1905,2322.6863
GCCSYPPCFATNPDC,15,1,-1,0.2,-0.0267,8.4067,4.05,0.1333,0.0667,0.4667,0.2,1577.7799
GFDRANKNMAPKK,13,0,3,0.3077,-1.5692,55.4462,10.2897,0.0769,0.4615,0.3846,0.0769,1476.7026
EDHNCFDTTPQSQLR,15,0,-1,0.1333,-1.56,102.06,4.5367,0.0667,0.1333,0.3333,0.2667,1790.8647
FSFYKQVKRCVHDCIQDDSHWTSSCNM,27,0,2,0.2963,-0.663,62.7226,6.8915,0.1481,0.1111,0.2963,0.2963,3265.6355
KVK,3,1,2,0.3333,-1.2,-31.2333,10.0027,0.0,0.6667,0.0,0.3333,373.4909
DFEEIPEEYL,10,1,-5,0.4,-0.93,100.42,4.05,0.2,0.5,0.2,0.4,1283.3361
STHPIGQHSTMSE,13,0,1,0.1538,-0.9846,55.6308,5.9693,0.0,0.1538,0.3846,0.2308,1411.4969
EGHIGPNKERHDGTVNELNGRCKPF,25,0,2,0.16,-1.416,39.632,7.0082,0.04,0.24,0.4,0.2,2805.0495
FGPHKYSKIFYFIQGLRTWT,20,0,4,0.45,-0.295,27.9955,9.9971,0.3,0.15,0.2,0.55,2489.8675
MIYTQCWYQQRL,12,0,1,0.5,-0.5417,25.3083,7.9532,0.25,0.1667,0.0,0.5,1632.9029
ARAS,4,1,1,0.5,-0.425,7.5,9.795,0.0,0.5,0.25,0.0,403.4341
RFWFFDPYYPLYISWCVMRVELDDNKF,27,0,-1,0.5556,-0.1481,26.5259,4.6845,0.3333,0.1852,0.2593,0.5185,3551.0538
NGGY,4,1,0,0.25,-1.4,-20.45,5.5243,0.25,0.0,0.75,0.25,409.3937
PMHHQSKTHQQAQFFTFFDFPHLQHMLI,28,0,5,0.3929,-0.5214,71.9286,7.5392,0.1786,0.2143,0.1429,0.3571,3479.9447
DENLYEGLNLDD,12,1,-5,0.3333,-1.2333,2.8833,4.05,0.0833,0.4167,0.5,0.3333,1409.408
VFGDTGGVSDVCSCGCHD,18,0,-2,0.2222,0.2944,39.4556,4.1627,0.0556,0.0,0.5,0.2778,1757.876
NGDFEEIPEEYL,12,1,-5,0.3333,-1.1,72.825,4.05,0.1667,0.4167,0.3333,0.3333,1454.49
TVPGVTVPGV,10,1,0,0.4,1.14,39.03,5.185,0.0,0.0,0.4,0.6,925.0801
LPCIANEMGT,10,0,-1,0.4,0.48,12.23,4.05,0.0,0.4,0.3,0.3,1048.2343
PVVIMFWVGQRFCCFGFQP,19,0,1,0.5263,0.9895,20.8105,8.4561,0.2632,0.0526,0.2105,0.4737,2261.7299
NGGY,4,1,0,0.25,-1.4,-20.45,5.5243,0.25,0.0,0.75,0.25,409.3937
HEDSMCISPGEFLERMPNEDVNRSSFC,27,0,-3,0.2593,-0.7444,84.1926,4.3528,0.0741,0.2593,0.4074,0.1852,3130.4245
HDIVM,5,0,0,0.6,0.78,-8.98,5.0767,0.0,0.2,0.2,0.4,613.7266
HYKPQCWEAWHPEPKHTWT,19,0,3,0.2632,-1.7789,57.7053,7.0142,0.2105,0.2632,0.1579,0.3158,2461.7121
RHMCHPLLSDPPCTMNNEVYNRLKRS,26,0,4,0.2692,-0.9731,68.7731,8.9037,0.0385,0.2692,0.3462,0.2308,3112.5914
KKKSKTKCVIM,11,1,5,0.2727,-0.7182,2.2364,10.1985,0.0,0.5455,0.0909,0.2727,1293.6855
KPFYVNVEF,9,1,0,0.5556,0.0222,58.1344,6.0007,0.3333,0.2222,0.2222,0.5556,1142.3022
KLK,3,1,2,0.3333,-1.3333,-49.9333,10.0027,0.0,1.0,0.0,0.3333,387.5175
GSEKMSTAISVLLAQAVFLLLTSQR,25,1,1,0.52,0.724,55.624,8.7479,0.04,0.44,0.2,0.44,2664.1251
VPFKVDCWAIDPGTTTKCE,19,0,-1,0.3158,-0.1263,9.5421,4.849,0.1053,0.2105,0.2632,0.4211,2110.4091
EYRIDRVRLFVDKLDNIAQVPRVG,24,1,1,0.4583,-0.3417,2.5708,8.6841,0.0833,0.2083,0.25,0.4167,2872.2842
FGYDRFAELQCWHCESAIINI,21,0,-1,0.4762,0.1381,77.7476,4.6511,0.1905,0.2381,0.1905,0.381,2515.8188
INWKGIAAMAKKLL,14,1,3,0.6429,0.5286,-7.5,10.3021,0.0714,0.6429,0.1429,0.3571,1556.9561
RKKLEELERDLRKLKKKIKKLEEDNPW,27,1,4,0.2593,-1.9148,27.0444,9.7753,0.037,0.6667,0.1481,0.2593,3464.0689
PPGPPG,6,1,0,0.0,-1.2,72.5333,5.955,0.0,0.0,1.0,0.0,520.5787
RSVCRQIKICRRRGGCYYKCTNRPY,25,1,8,0.24,-1.056,95.12,10.2233,0.12,0.08,0.2,0.28,3080.6423
VQAIYYMTYTK,11,0,1,0.6364,-0.0273,49.9182,8.4019,0.2727,0.2727,0.0,0.6364,1380.6067
DHDH,4,0,0,0.0,-3.35,7.5,5.0485,0.0,0.0,0.5,0.0,522.4687
ALLVAGLVLA,10,1,0,0.9,2.86,9.0,5.57,0.0,0.7,0.1,0.6,939.1927
QAPAYKKAAKKLAES,15,1,3,0.4667,-0.9,42.1933,9.8256,0.0667,0.7333,0.1333,0.1333,1603.8605
IEMNQQAAF,9,0,-1,0.5556,-0.1333,70.7333,4.05,0.1111,0.4444,0.1111,0.2222,1051.1735
HATMCEERRSPSTDELENYLYEK,23,0,-2,0.2609,-1.4783,91.9478,4.6991,0.087,0.4348,0.2174,0.2609,2802.0143
QRAVRPALSGFDGRVGSG,18,1,2,0.3333,-0.3722,32.9833,11.699,0.0556,0.1667,0.4444,0.2222,1830.0132
CFPWRWDVIMG,11,0,0,0.5455,0.3727,76.0545,5.8294,0.2727,0.0909,0.2727,0.4545,1409.676
VGSDWRFLRGYHQYA,15,1,2,0.4667,-0.78,24.18,8.5675,0.2667,0.1333,0.2667,0.4,1855.0191
QPVAFRQHNMSRES,14,0,2,0.2857,-1.3357,126.3714,9.6054,0.0714,0.2143,0.2857,0.1429,1686.8495
ASGWVCLIECGVICAC,16,1,-1,0.5,1.8,106.2063,4.05,0.0625,0.25,0.1875,0.375,1626.9813
EQKMQFCDNANIGGSRQIVCLH,22,0,1,0.3182,-0.4182,83.0045,6.8247,0.0455,0.2273,0.2727,0.2273,2491.824
TTYADFIASGRTGRRNAIHD,20,1,2,0.35,-0.75,50.06,8.4356,0.1,0.15,0.3,0.35,2222.3766
LTVITVTSNKHLV,13,0,2,0.4615,0.8615,20.9154,8.7572,0.0,0.2308,0.1538,0.6923,1424.6843
GIVEQCCASVCSLYQLENYCN,21,1,-2,0.381,0.319,7.019,4.05,0.0952,0.2381,0.2381,0.3333,2339.6435
FVNQHLCGSHLVEALYLVCGERGFFYTPKA,30,1,2,0.4667,0.3033,9.847,6.9037,0.1667,0.3,0.2,0.4333,3399.8948
SAKMREWFSETFQKVKEKL,19,1,2,0.3684,-1.0526,20.9316,9.5224,0.1579,0.5263,0.1053,0.3158,2372.7399
ETEAFGF,7,0,-2,0.4286,-0.1,36.0857,4.05,0.2857,0.4286,0.1429,0.4286,799.824
SHLKSKKGQSTSRHKKLMFKTE,22,1,8,0.1818,-1.5455,48.1364,10.6759,0.0455,0.4545,0.2273,0.2273,2587.0099
DGDFEEIPEEYL,12,1,-6,0.3333,-1.1,85.35,4.05,0.1667,0.4167,0.3333,0.3333,1455.4748
KPSSPPEELKFQCGQKTLRPRFK,23,1,4,0.1739,-1.3913,72.2087,10.0292,0.087,0.3478,0.3043,0.2174,2702.1386
MAS,3,1,0,0.6667,0.9667,47.8,5.275,0.0,0.6667,0.3333,0.0,307.3665
CHAPTVSNEYDPVKYF,16,0,0,0.375,-0.5875,66.825,5.3203,0.1875,0.1875,0.3125,0.375,1870.0455
HVGPIA,6,1,1,0.5,0.8833,-5.8167,6.7411,0.0,0.1667,0.3333,0.3333,592.6876
VQSKRIRVFWVLFLHV,16,0,4,0.625,0.825,51.9062,12.0,0.1875,0.1875,0.0625,0.625,2027.4591
YNAFWCAKSDTWIMTWWIINENYMSI,26,0,-1,0.5769,0.0038,24.9654,4.3702,0.2692,0.2308,0.2308,0.5,3287.7401
GMDWGN,6,0,-1,0.3333,-1.1333,-23.1,4.05,0.1667,0.1667,0.6667,0.1667,678.7138
REFHCVTLVVGLRTCPQGFLCSN,23,0,2,0.3478,0.4261,24.0261,7.9773,0.087,0.1739,0.2174,0.4348,2580.0168
PPRPLPVAPGSSKT,14,1,2,0.2143,-0.6643,86.4429,11.0059,0.0,0.2143,0.5714,0.2143,1403.6256
HVGPIA,6,1,1,0.5,0.8833,-5.8167,6.7411,0.0,0.1667,0.3333,0.3333,592.6876
GCCSDPRCAWEC,12,1,-1,0.1667,-0.2833,39.5,4.3702,0.0833,0.1667,0.3333,0.0833,1329.5056
KWHLVTKHNWWFFCCVGIHMMK,22,0,6,0.5,0.1136,15.6545,9.3907,0.2273,0.2727,0.0909,0.4545,2832.4402
GGKKKYKL,8,1,4,0.25,-1.7375,2.95,10.1769,0.125,0.625,0.25,0.25,921.1379
MYESMII,7,0,-1,0.7143,1.0286,59.1429,4.05,0.1429,0.4286,0.1429,0.4286,886.087
YVLGNFSFTTMLTWAQFT,18,0,0,0.5556,0.5944,-24.5111,5.5243,0.2778,0.2222,0.1667,0.6667,2127.4159
EADCGLRPLFEKKSLEDKTERELLESYI,28,1,-3,0.3214,-0.8464,37.9714,4.6018,0.0714,0.5357,0.2143,0.3214,3312.7008
DFEEIPEEYL,10,1,-5,0.4,-0.93,100.42,4.05,0.2,0.5,0.2,0.4,1283.3361
KHWVYYTCCPDT,12,1,1,0.3333,-0.6583,-6.1417,6.7239,0.25,0.0833,0.1667,0.5,1515.7104
ALLVTAGLVLA,11,1,0,0.8182,2.5364,1.3727,5.57,0.0,0.6364,0.0909,0.6364,1040.2966
GDFEEIPEEYLQ,12,1,-5,0.3333,-1.1,112.5167,4.05,0.1667,0.4167,0.25,0.3333,1468.5166
VMYRLQNH,8,0,2,0.5,-0.7625,57.9625,8.7258,0.125,0.25,0.125,0.375,1060.2299
WRVMALIVITP,11,0,1,0.7273,1.5636,12.5909,9.75,0.0909,0.2727,0.0909,0.6364,1298.6387
HPMWCLIENQAIGSAVYVITIAWHWL,26,0,1,0.6154,0.7462,36.8615,5.9815,0.1538,0.2692,0.1538,0.5,3052.5705
ACENEDFEGIPGEY,14,1,-5,0.2857,-0.9357,35.5357,4.05,0.1429,0.3571,0.3571,0.2143,1572.6045
AIIRILQQLLFIHFRIGCRHSRIGVTRQ,28,1,7,0.4643,0.3857,53.35,12.0,0.0714,0.1429,0.1071,0.4643,3346.0116
MYY,3,0,0,1.0,-0.2333,126.7333,5.2746,0.6667,0.3333,0.0,0.6667,475.5577
KETAAAKFERQHMDS,15,1,1,0.3333,-1.3933,35.0133,6.7593,0.0667,0.5333,0.1333,0.1333,1748.9142
ALLVTAGLVLA,11,1,0,0.8182,2.5364,1.3727,5.57,0.0,0.6364,0.0909,0.6364,1040.2966
AYPWKTPKPLVRHQCSAVIARMFAMFD,27,0,4,0.5185,0.0111,19.2519,9.7846,0.1481,0.3333,0.1852,0.3333,3164.7684
FVNQHLCGSHLVEALYLVCGERGFFYTPKA,30,1,2,0.4667,0.3033,9.847,6.9037,0.1667,0.3,0.2,0.4333,3399.8948
DGGYMDMSKGS,11,1,-1,0.2727,-1.0182,84.7636,4.2078,0.0909,0.2727,0.6364,0.0909,1147.2361
KCMNLWNHTMLNC,13,0,2,0.3846,-0.2154,54.0,8.068,0.0769,0.3846,0.2308,0.3077,1607.9415
DFEEIPEEYL,10,1,-5,0.4,-0.93,100.42,4.05,0.2,0.5,0.2,0.4,1283.3361
ALLVTAGLVLA,11,1,0,0.8182,2.5364,1.3727,5.57,0.0,0.6364,0.0909,0.6364,1040.2966
WAGLNYEKMNSFWVPGMEA,19,0,-1,0.5263,-0.3158,20.4211,4.5314,0.2105,0.4211,0.3158,0.3158,2230.5191
GIVEQCCTSICSLYQLENYCN,21,1,-2,0.3333,0.2143,22.5429,4.05,0.0952,0.1905,0.2381,0.381,2383.6961
VVSHFND,7,1,0,0.4286,0.0286,-6.2429,5.3321,0.1429,0.0,0.4286,0.4286,816.8577
KWKLFKKIPKFLHSAKKF,18,1,8,0.4444,-0.6389,-9.9389,10.7784,0.2222,0.5556,0.1111,0.3889,2274.8352
KPQ,3,0,1,0.0,-3.0,45.7333,8.7501,0.0,0.3333,0.3333,0.0,371.432
GIVEQCCASVCSLYQLENYCN,21,1,-2,0.381,0.319,7.019,4.05,0.0952,0.2381,0.2381,0.3333,2339.6435
GGQSHNDGDFEEIPEEYL,18,1,-5,0.2222,-1.3889,104.6556,4.05,0.1111,0.2778,0.4444,0.2222,2036.0258
PWIF,4,0,0,0.75,1.2,0.3,5.955,0.5,0.0,0.25,0.75,561.6718
GIIHMVFAHMVWECLPGPAVCDDNGVYM,28,0,-1,0.5357,0.7036,58.825,4.517,0.1071,0.25,0.2857,0.3571,3105.6529
RIGWCRKRGPIARCTA,16,0,5,0.3125,-0.5187,52.5312,11.5422,0.0625,0.1875,0.1875,0.25,1844.2188
FVNQHLCGSHLVEALYLVCGERG,23,1,1,0.4348,0.4,-0.6826,6.0019,0.087,0.3043,0.2174,0.3913,2544.9047
QATYWHIEKARGQMMVSRLANSM,23,0,3,0.4783,-0.4957,56.9913,9.9862,0.087,0.3913,0.1739,0.2609,2709.1341
NCAPKPEDDEVRGCGADSGTFPML,24,0,-3,0.25,-0.65,32.4333,4.105,0.0417,0.2917,0.4583,0.1667,2509.7468
PDYEPIRKGQRDLYSGLN,18,1,0,0.2778,-1.4278,7.05,6.5341,0.1111,0.2222,0.4444,0.2778,2121.3091
KQK,3,1,2,0.0,-3.7667,85.4667,10.0027,0.0,0.6667,0.0,0.0,402.4891
ECG,3,1,-1,0.0,-0.4667,153.1333,4.05,0.0,0.3333,0.3333,0.0,307.3235
VWE,3,0,-1,0.6667,-0.0667,6.6667,4.5987,0.3333,0.3333,0.0,0.6667,432.4702
DCPMGVRWGKWFMAG,15,0,1,0.4667,-0.0933,50.9867,8.2221,0.2,0.2667,0.3333,0.2667,1741.0672
TETVAKQRTHLNEYACEFDNTDMRKSCD,28,0,-1,0.25,-1.2536,66.3179,5.0471,0.0714,0.3214,0.2143,0.2857,3306.5753
QTHEQCQFSAMYWLMWRMIMNCWV,24,0,1,0.5417,-0.0417,24.0,6.7307,0.2083,0.2917,0.0833,0.375,3123.6963
GIVEQCCTSICSLYQLENYCN,21,1,-2,0.3333,0.2143,22.5429,4.05,0.0952,0.1905,0.2381,0.381,2383.6961
GTSSPSAD,8,1,-1,0.125,-0.85,90.6,4.2994,0.0,0.125,0.75,0.125,720.6829
GFLTRY,6,0,1,0.5,-0.05,-4.2333,8.7476,0.3333,0.1667,0.1667,0.6667,755.8608
REMVEWPGSVCRHCIIHLGC,20,0,2,0.35,0.205,17.785,6.8974,0.05,0.2,0.2,0.3,2325.7578
CDLKMCRDNTAMDFCSEA,18,0,-2,0.3333,-0.3278,35.3333,4.2259,0.0556,0.3889,0.2778,0.1667,2053.3412
KSQRQRSTSTPNVHM,15,1,4,0.1333,-1.7267,64.3067,12.0,0.0,0.1333,0.3333,0.2,1756.9412
RKSIRIQRGPGRAFVTIG,18,1,5,0.3333,-0.4111,0.0111,12.0,0.0556,0.1111,0.2778,0.3333,2012.3654
NPIV,4,1,0,0.5,0.9,-20.925,5.525,0.0,0.0,0.5,0.5,441.5217
FVNQHLCGSHLVEALYLVCGERGFFA,26,1,1,0.5,0.6385,0.55,6.0019,0.1538,0.3077,0.1923,0.4231,2910.3302
AFPHIVLNPEAQFDERWYNWSHVSSRVMD,29,0,0,0.4483,-0.5724,64.6345,5.3927,0.1724,0.2069,0.3103,0.3448,3531.8654
ICFRS,5,0,1,0.4,0.9,95.88,8.2497,0.2,0.0,0.2,0.4,624.7526
APSYSPPPPP,10,1,0,0.2,-1.07,168.5,5.5692,0.1,0.1,0.8,0.1,1009.1122
HAGPIA,6,1,1,0.5,0.4833,8.3333,6.7411,0.0,0.3333,0.3333,0.1667,564.6345
YIQGKEMLYTVPSRV,15,0,1,0.4667,-0.1933,36.5333,8.4968,0.1333,0.2667,0.2,0.4667,1784.0838
FPR,3,1,1,0.3333,-1.1,45.7333,9.75,0.3333,0.0,0.3333,0.3333,418.49
EYRIDRVRLFVDKLDNIAQVPRVG,24,1,1,0.4583,-0.3417,2.5708,8.6841,0.0833,0.2083,0.25,0.4167,2872.2842
GSKPNEFAMFIFSKIQAFMLNYNANRQ,27,0,2,0.4815,-0.3148,10.8259,9.6998,0.1852,0.3333,0.2963,0.2963,3167.6164
LWRCYCVIFRGDMLDCTN,18,0,0,0.4444,0.3167,23.4556,5.9399,0.1667,0.1667,0.2222,0.4444,2208.6047
SHKSHA,6,0,3,0.1667,-1.6833,47.8,8.5113,0.0,0.3333,0.3333,0.0,665.6987
VNFLDCEVCDIHSISLWYNVVQRKM,25,0,0,0.48,0.268,38.74,5.379,0.12,0.2,0.24,0.44,3012.4835
RQAGDTARPDWDAGLQAGTDY,21,0,-2,0.3333,-1.2095,28.6,4.1391,0.0952,0.2381,0.381,0.2381,2264.3239
PIIIYQFYWFIDVCYGTLDAIKVNKM,26,0,0,0.6154,0.6615,23.8504,6.3238,0.2308,0.1923,0.1923,0.5769,3154.7384
TLTWW,5,0,0,0.6,0.12,-22.06,5.185,0.4,0.2,0.0,1.0,705.8005
APTMPPPLPP,10,1,0,0.3,-0.28,149.24,5.57,0.0,0.3,0.6,0.2,1017.2419
IQQANPRINNHHQKDDKAYEVHDKGIRA,28,0,4,0.2857,-1.625,-2.0214,8.4521,0.0357,0.25,0.2857,0.1786,3296.5703
KMK,3,1,2,0.3333,-1.9667,115.3333,10.0027,0.0,1.0,0.0,0.0,405.5559
YEKCMQFNMRGSFAWHKA,18,0,3,0.4444,-0.7722,32.3944,9.1965,0.2222,0.3889,0.1667,0.2222,2234.5807
KYK,3,1,2,0.3333,-3.0333,6.6667,9.703,0.3333,0.6667,0.0,0.3333,437.5331
EDL,3,1,-2,0.3333,-1.0667,70.8667,4.05,0.0,0.6667,0.3333,0.3333,375.3743
YLLMSCFLSMQCVRRWSSTTSYWSPECMIG,30,0,1,0.4333,0.25,114.7433,7.9489,0.1667,0.2333,0.2667,0.4,3567.1861
YNKRKRIHIGPGRAFYTTKNIIGC,24,1,7,0.3333,-0.7125,98.4213,10.561,0.125,0.1667,0.25,0.375,2807.2821
CRITNASACIIIDVGGCLC,19,0,0,0.4211,1.3579,36.8526,5.8096,0.0,0.1579,0.2632,0.3684,1925.3212
RVNFSQRTIN,10,0,2,0.3,-0.95,13.23,12.0,0.1,0.0,0.3,0.4,1234.3647
FATTHG,6,0,1,0.3333,-0.0667,-8.95,6.7411,0.1667,0.1667,0.1667,0.5,632.6654
KCMMMMRDEEPPILCPLNEIGFKEPAHQK,29,0,0,0.3448,-0.5828,64.9379,5.5941,0.0345,0.4828,0.2414,0.1724,3417.0964
DYEPIPEEAF,10,1,-4,0.4,-0.94,67.82,4.05,0.2,0.4,0.3,0.3,1209.2576
CGVPAIQPVLSGL,13,1,0,0.4615,1.2692,68.4923,5.5181,0.0,0.2308,0.3846,0.3846,1253.5104
QNIEQHNCNIDWHCATD,17,0,-1,0.2353,-1.1882,124.4471,4.7195,0.0588,0.1176,0.2941,0.2353,2041.1416
DHQDKYDHPCKERWEYPLRME,21,0,0,0.2381,-2.2,63.2905,5.4956,0.1429,0.3333,0.2381,0.1905,2776.0265
GATPEDLNQKL,11,1,-1,0.2727,-1.0182,20.1091,4.3703,0.0,0.4545,0.3636,0.2727,1185.2843
NGDFEEIPEEYL,12,1,-5,0.3333,-1.1,72.825,4.05,0.1667,0.4167,0.3333,0.3333,1454.49
SYEGWCFYSFSMDPWVHDAV,20,0,-2,0.5,-0.115,22.5155,4.05,0.3,0.15,0.35,0.4,2426.6344
KVGFFKRNRAALEEDDEEGE,20,1,-3,0.3,-1.42,54.425,4.6234,0.1,0.5,0.25,0.2,2339.4733
THNQEKGWETC,11,0,0,0.0909,-1.9364,44.7727,5.3677,0.0909,0.2727,0.1818,0.2727,1332.3986
GAAQEE,6,1,-2,0.3333,-1.2167,80.6167,4.2404,0.0,0.6667,0.1667,0.0,603.5796
QQPQAVHTYCGRHLARTLADLCWEAGVD,28,1,1,0.3929,-0.3714,34.5214,6.02,0.0714,0.2857,0.1786,0.3214,3139.4826
TVPGATVPGV,10,1,0,0.4,0.9,39.03,5.185,0.0,0.1,0.4,0.5,897.027
SDHYNMRWDDHGGDHYYTRTFV,22,0,1,0.3182,-1.5909,80.3545,5.7034,0.2273,0.0455,0.3636,0.3636,2772.8748
GDFEEIPEEYLQ,12,1,-5,0.3333,-1.1,112.5167,4.05,0.1667,0.4167,0.25,0.3333,1468.5166
SHFNEYE,7,1,-1,0.2857,-1.8571,-17.0143,4.8114,0.2857,0.2857,0.2857,0.2857,924.9095
NKMEPRLTRDSK,12,0,2,0.1667,-2.0583,81.8833,9.9862,0.0,0.4167,0.3333,0.1667,1474.6853
FYVNNLIWPHNYWVAQCDMWTCI,23,0,0,0.5652,0.1913,24.3961,5.0762,0.2609,0.1304,0.2174,0.5217,2917.3425
GFWIEYEYE,9,0,-3,0.5556,-0.7889,40.9556,4.05,0.4444,0.3333,0.1111,0.5556,1235.2963
NVPPWFFHERNPIYH,15,0,2,0.4,-0.94,47.6267,6.9209,0.2667,0.0667,0.3333,0.4,1953.1637
FLF,3,1,0,1.0,3.1333,6.6667,5.525,0.6667,0.3333,0.0,1.0,425.5205
TEEATMMMKDAIQVYTHFC,19,0,-1,0.4737,-0.0632,15.8737,4.648,0.1053,0.4211,0.0526,0.3684,2249.6055
WKFSSYGTGD,10,0,0,0.3,-0.99,2.79,6.0863,0.3,0.1,0.5,0.4,1147.193
DDTQCM,6,0,-2,0.1667,-1.1333,12.4833,4.05,0.0,0.1667,0.3333,0.1667,711.7621
EVHGAVCF,8,0,0,0.5,1.05,-14.825,5.2431,0.125,0.25,0.125,0.375,860.9765
HWADTVKCPWLEIY,14,0,0,0.5,-0.1929,11.9071,5.3203,0.2143,0.2857,0.1429,0.5,1761.0074
YAIGSGKSPCGDHQGTGGAHREFGH,25,0,3,0.2,-0.924,21.588,7.0136,0.08,0.16,0.44,0.16,2526.6579
VFAKQQVPSAVYGVNTWW,18,0,1,0.5556,0.1222,28.5167,8.5615,0.2222,0.1667,0.2222,0.5,2080.3429
KFK,3,1,2,0.3333,-1.6667,-43.4333,10.0027,0.3333,0.6667,0.0,0.3333,421.5337
PTIPTQPDYPTFKPW,15,0,0,0.2667,-1.06,9.6867,6.2554,0.2,0.0667,0.4,0.4667,1788.0064
GIVEQCCTSICSLYQLENYCN,21,1,-2,0.3333,0.2143,22.5429,4.05,0.0952,0.1905,0.2381,0.381,2383.6961
WLGIRIQRTKFAYHGIWKVQRKDWAIPV,28,0,6,0.5,-0.3357,6.1393,11.069,0.1786,0.2143,0.1429,0.4643,3467.0786
VEFVSFWQNKWDNDAQKCKKQH,22,0,2,0.3182,-1.4136,31.0545,8.137,0.1818,0.2727,0.2273,0.2727,2766.0529
VVLEIDYLAMRSEYIP,16,0,-2,0.625,0.5438,54.4,4.1374,0.125,0.375,0.1875,0.5,1911.2216
PPPPPPPPPP,10,1,0,0.0,-1.6,182.34,5.955,0.0,0.0,1.0,0.0,989.1673
GIVDECCLRPCSVDVLLSYC,20,1,-2,0.4,0.93,33.07,4.05,0.05,0.2,0.3,0.4,2187.5791
AHEHPW,6,0,1,0.3333,-1.7667,-27.9833,5.9866,0.1667,0.3333,0.1667,0.1667,775.8109
GSSST,5,1,0,0.0,-0.7,85.04,5.525,0.0,0.0,0.8,0.2,437.4024
NRLLLTG,7,1,1,0.4286,0.3286,-3.5571,9.75,0.0,0.4286,0.2857,0.5714,785.9316
SWMTTPWGFLHP,12,1,1,0.4167,-0.1917,13.0583,6.4564,0.25,0.1667,0.3333,0.5,1459.6686
CDIAYC,6,0,-1,0.5,1.0833,40.4333,4.05,0.1667,0.1667,0.1667,0.3333,686.7972
FDGHYWFM,8,0,0,0.625,-0.225,66.1375,5.0767,0.5,0.125,0.25,0.5,1102.22
KHT,3,0,2,0.0,-2.6,-18.4667,8.7572,0.0,0.3333,0.0,0.3333,384.4308
GRKRRQTSMTDFYHSKRRLIFS,22,1,7,0.2727,-1.3727,115.7005,11.8394,0.1364,0.1818,0.2273,0.3182,2771.1673
CGVPAIQPVLSGL,13,1,0,0.4615,1.2692,68.4923,5.5181,0.0,0.2308,0.3846,0.3846,1253.5104
FVNQHLCGSHLVEALYLVCGERGFFYTPKA,30,1,2,0.4667,0.3033,9.847,6.9037,0.1667,0.3,0.2,0.4333,3399.8948
GFSNMSFEDFP,11,1,-2,0.3636,-0.3455,77.2,4.05,0.2727,0.1818,0.5455,0.2727,1277.3578
IGNINTRTFKRCYALE,16,0,2,0.375,-0.4125,59.7188,9.3107,0.125,0.25,0.1875,0.4375,1899.1779
CGESCVWIPCISAALGCSCKNKVCYRNGIP,30,1,2,0.3333,0.4167,24.06,8.3338,0.0667,0.2,0.3333,0.2667,3175.7697
KTKHNRKE,8,0,4,0.0,-3.3875,38.35,10.2897,0.0,0.5,0.125,0.125,1040.1777
MMKMFLTCGHRDVIVQFYYRA,21,0,3,0.5714,0.2619,29.391,9.1856,0.1905,0.2857,0.0952,0.4286,2610.1501
YHYCCKYYVSFGACAFKMDG,20,0,2,0.5,0.075,70.32,7.9265,0.3,0.25,0.2,0.35,2356.7184
GSEKMSTAISVLLAQAVFLLLTSQR,25,1,1,0.52,0.724,55.624,8.7479,0.04,0.44,0.2,0.44,2664.1251
WVRRMELTLVWWQGQEWIGKLKYDLYR,27,0,2,0.5185,-0.6111,22.3407,9.5226,0.2222,0.3333,0.1111,0.5185,3554.1293
TVPGVTVPGV,10,1,0,0.4,1.14,39.03,5.185,0.0,0.0,0.4,0.6,925.0801
LLFGYPVYV,9,1,0,0.7778,1.5778,26.1889,5.5236,0.3333,0.2222,0.2222,0.7778,1070.2792
ITFAFNEHQDRLR,13,0,1,0.3846,-0.8615,36.7538,6.753,0.1538,0.2308,0.1538,0.3846,1646.8038
DADEYLC,7,1,-3,0.4286,-0.5286,-3.5571,4.05,0.1429,0.4286,0.2857,0.2857,827.8557
KETAAAKFERQHMDS,15,1,1,0.3333,-1.3933,35.0133,6.7593,0.0667,0.5333,0.1333,0.1333,1748.9142
MIWCGHQAPYVVWSIHNMPGFTKGY,25,0,3,0.48,0.028,42.496,7.9781,0.2,0.16,0.28,0.4,2923.3935
GSL,3,0,0,0.3333,0.8667,6.6667,5.525,0.0,0.3333,0.6667,0.3333,275.3015
AIQTQFMTVQCS,12,0,0,0.4167,0.4167,-12.0833,5.5615,0.0833,0.1667,0.0833,0.4167,1356.5672
PFCFMCWETNQYIQPYPILNNIRPH,25,0,1,0.4,-0.38,60.356,7.0806,0.2,0.12,0.28,0.4,3125.6013
INNKDGI,7,0,0,0.2857,-0.8286,30.2714,5.8357,0.0,0.1429,0.5714,0.2857,772.8467
VGALAVVVWLWLWLW,15,1,0,0.9333,2.1067,70.0533,5.495,0.2667,0.4,0.0667,0.8,1811.2164
IYQYQQEAMGMWCEARDPEGCWVQSCT,27,0,-3,0.3704,-0.637,73.5889,4.05,0.1481,0.2593,0.1852,0.2593,3213.5775
LPPLDITPY,9,1,-1,0.4444,0.2,51.6889,4.05,0.1111,0.2222,0.4444,0.5556,1028.1982
GCPWQPWC,8,1,0,0.25,-0.4875,49.7,5.5114,0.25,0.0,0.375,0.25,976.1318
GIVEQCCTSICSLYQLENYCN,21,1,-2,0.3333,0.2143,22.5429,4.05,0.0952,0.1905,0.2381,0.381,2383.6961
IWLAYRIQVEM,11,0,0,0.7273,0.6364,-1.9182,6.0014,0.1818,0.3636,0.0,0.5455,1421.705
FCAHKLTPYQYTCT,14,0,2,0.3571,-0.25,25.9071,8.0426,0.2143,0.2143,0.0714,0.5,1675.9245
KAVTPICGTVGGLWELPWWGGADSRR,26,0,1,0.3846,-0.1308,51.0462,8.2221,0.1154,0.2308,0.3462,0.3846,2813.1956
PAKCVHREHGP,11,0,3,0.1818,-1.2182,3.4636,8.6423,0.0,0.2727,0.2727,0.0909,1230.3994
GKYNERENNFHAADIRWPRMLYCKPGF,27,0,3,0.3704,-1.1519,13.4037,9.1109,0.1852,0.2963,0.2963,0.2593,3313.7263
SHKQLCHYISAR,12,0,4,0.3333,-0.7167,112.3833,9.3038,0.0833,0.25,0.1667,0.25,1442.6449
FVNQHLCGSHLVEALYLVCGERGFFYTPKA,30,1,2,0.4667,0.3033,9.847,6.9037,0.1667,0.3,0.2,0.4333,3399.8948
GIVEQCCTSICSLYQLENYCN,21,1,-2,0.3333,0.2143,22.5429,4.05,0.0952,0.1905,0.2381,0.381,2383.6961
VAWHHWPGKESADMNSKFQRHIEGQQVM,28,0,3,0.3571,-1.0393,60.3357,7.0003,0.1071,0.2857,0.25,0.2143,3334.7025
TQCQTDQKICWEMWCY,16,0,-1,0.3125,-0.75,4.7313,4.3681,0.1875,0.1875,0.0625,0.375,2066.3597
QHGQWCGSVFRHEITESLCE,20,0,0,0.25,-0.605,42.835,5.4349,0.1,0.2,0.2,0.3,2346.5568
TMAKKWQWLNKNMLRDTKCCSPQISEAA,28,0,3,0.3571,-0.7571,57.875,9.3016,0.0714,0.4286,0.2143,0.25,3282.8369
ALLVTVGLVLA,11,1,0,0.8182,2.7545,-6.3455,5.57,0.0,0.5455,0.0909,0.7273,1068.3497
KGSVVIVGRIILSGRK,16,1,4,0.4375,0.6438,5.4938,12.0,0.0,0.1875,0.3125,0.4375,1682.0632
PATLKICSWNVDG,13,1,0,0.3846,0.1154,8.9154,6.2159,0.0769,0.2308,0.3846,0.3846,1403.6022
KLK,3,1,2,0.3333,-1.3333,-49.9333,10.0027,0.0,1.0,0.0,0.3333,387.5175
SPGEYVNIEFGS,12,1,-2,0.3333,-0.3583,112.7333,4.05,0.1667,0.1667,0.5,0.3333,1298.3539
FMAFFVNRRWSPIHCSEPGFQWCNHPWTHL,30,0,4,0.4,-0.3467,76.6367,8.0997,0.2333,0.1333,0.2667,0.3667,3732.2392
HWYQWVWPGILR,12,0,2,0.5833,-0.3917,24.7167,8.7548,0.3333,0.0833,0.1667,0.5833,1640.8851
FVNQHLCGSHLVEALYLVCGERGFFYTPKA,30,1,2,0.4667,0.3033,9.847,6.9037,0.1667,0.3,0.2,0.4333,3399.8948
EYNQNQMA,8,0,-1,0.375,-1.8875,5.325,4.05,0.125,0.375,0.25,0.125,997.04
LLFGYPVYV,9,1,0,0.7778,1.5778,26.1889,5.5236,0.3333,0.2222,0.2222,0.7778,1070.2792
LMYHDCLD,8,0,-1,0.5,0.0625,77.85,4.5127,0.125,0.375,0.25,0.375,1009.1567
DGDFEEIPEEYL,12,1,-6,0.3333,-1.1,85.35,4.05,0.1667,0.4167,0.3333,0.3333,1455.4748
TRYLRIHPQSWVHQIALRMEVL,22,1,4,0.5,-0.1455,52.7955,10.7366,0.0909,0.2727,0.0909,0.4545,2747.2268
KAKLFKKIGIGKFLHSAKKF,20,1,8,0.45,-0.175,-14.995,10.7784,0.15,0.55,0.15,0.35,2289.8482
SVLYTAVQPNE,11,1,-1,0.4545,-0.0818,18.8818,4.5959,0.0909,0.2727,0.2727,0.4545,1220.3282
VVKVDSV,7,1,0,0.5714,1.2286,-1.6286,5.8059,0.0,0.1429,0.2857,0.5714,744.8763
FVNQHLCGSHLVEALYLVCGERGFFYTPKT,30,1,2,0.4333,0.22,9.847,6.9037,0.1667,0.2667,0.2,0.4667,3429.9208
RIQRNKAAALLRLAAR,16,1,5,0.5625,-0.25,43.925,12.0,0.0,0.5625,0.0625,0.25,1821.1821
GQVGRQLAIIGDDINR,16,1,0,0.375,-0.275,11.3938,5.9612,0.0,0.125,0.375,0.3125,1724.9157
CPWQPWC,7,1,0,0.2857,-0.5,55.3714,5.5114,0.2857,0.0,0.2857,0.2857,919.0805
NNFELTYSRCSEFGHWCNWCY,21,0,0,0.3333,-0.7333,14.4,5.3985,0.2857,0.1429,0.2857,0.381,2659.886
PEYVKQTHSYTTIFLIVKK,19,0,3,0.4211,-0.2632,19.0947,9.4388,0.1579,0.2632,0.1053,0.5789,2295.6739
QLTWLS,6,0,0,0.5,0.2833,3.85,5.525,0.1667,0.3333,0.1667,0.6667,746.8508
FGPSKSTAWGQCSVI,15,0,1,0.3333,0.1333,10.2333,8.2222,0.1333,0.1333,0.4,0.3333,1567.7635
YEVPGPVPPRRR,12,1,2,0.25,-1.3917,156.2667,10.7373,0.0833,0.0833,0.4167,0.25,1422.6337
MTTQYVPCSWQLMHVFNDNLIAKMKNN,27,0,2,0.4444,-0.3037,40.6074,7.9571,0.1111,0.2963,0.2593,0.3704,3227.7562
RGPGRAFVTI,10,1,2,0.4,0.12,-7.98,12.0,0.1,0.1,0.3,0.4,1073.2487
FNP,3,0,0,0.3333,-0.7667,-2.9333,5.525,0.3333,0.0,0.6667,0.3333,376.4069
LCFVDWVWGLETWNYGAKLH,20,0,0,0.55,0.19,-21.525,5.3203,0.25,0.3,0.2,0.55,2437.7697
EQIPGPHGYACH,12,0,1,0.25,-0.825,90.6167,5.9899,0.0833,0.1667,0.3333,0.1667,1308.4217
PPGPPGPPGITGARGLAGPPGPPGPPGPPG,30,1,1,0.1333,-0.6567,43.2867,10.18,0.0,0.1,0.8,0.1,2573.9017
MFMI,4,0,0,1.0,2.775,7.5,5.275,0.25,0.5,0.0,0.5,540.7387
SGCHAEIFWILRERMGCAFAQMAMHPSCG,29,0,2,0.4483,0.2621,81.7172,6.6565,0.1034,0.3448,0.2069,0.2069,3240.8048
CAE,3,0,-1,0.3333,0.2667,6.6667,4.5989,0.0,0.6667,0.0,0.0,321.3501
ANG,3,0,0,0.3333,-0.7,-43.4333,5.57,0.0,0.3333,0.6667,0.0,260.2471
LDMPQHVMIKFDMVIQSKWWCMQF,24,0,1,0.5417,0.175,63.1292,6.737,0.1667,0.2917,0.1667,0.375,3042.6832
DIL,3,0,-1,0.6667,1.6,70.8667,4.05,0.0,0.3333,0.3333,0.6667,359.4179
HWNRITHNLNWQFGHMSYITDFKDGQAN,28,0,3,0.3571,-1.0714,22.7143,7.0224,0.1786,0.1429,0.3214,0.3571,3431.7098
FWIAGAYKFLIEVDNVGWNGDNTLWFLCC,29,0,-2,0.5517,0.5172,22.3345,4.05,0.2414,0.2414,0.2759,0.5172,3395.8579
DYMGWMDF,8,1,-2,0.625,-0.375,99.275,4.05,0.375,0.25,0.375,0.375,1064.1903
SKCKREVNW,9,0,2,0.2222,-1.5889,33.5889,9.303,0.1111,0.3333,0.2222,0.2222,1149.3233
LHEANRCTRKDQN,13,0,2,0.1538,-2.0154,34.3077,8.231,0.0,0.3077,0.2308,0.1538,1584.7164
DFEEIPEEYL,10,1,-5,0.4,-0.93,100.42,4.05,0.2,0.5,0.2,0.4,1283.3361
AGDHIWNYEFPLQAK,15,0,0,0.4667,-0.7067,76.4,5.3222,0.2,0.3333,0.2667,0.3333,1788.9545
TVPGVTVPGV,10,1,0,0.4,1.14,39.03,5.185,0.0,0.0,0.4,0.6,925.0801
KCFCFTVIVCYTMIALVKARMESKQSMR,28,0,4,0.5,0.5643,30.8714,9.42,0.1071,0.3571,0.0714,0.3929,3288.0683
HAGPIA,6,1,1,0.5,0.4833,8.3333,6.7411,0.0,0.3333,0.3333,0.1667,564.6345
AKNLETSDWQWRPLAPCIWPQPSYS,25,0,0,0.36,-0.848,45.104,6.1046,0.16,0.24,0.36,0.32,2974.3067
ENFSGGCVAGYMRTPDGRCKPTFYQ,25,1,1,0.28,-0.72,28.6164,8.1235,0.16,0.16,0.36,0.28,2785.0976
YGMTAES,7,0,-1,0.4286,-0.4286,19.8429,4.05,0.1429,0.4286,0.2857,0.2857,757.8089
GNCGYDMSFW,10,0,-1,0.4,-0.36,56.76,4.05,0.3,0.1,0.5,0.3,1179.281
MQKGPVYSEPCRLVKFKA,18,0,3,0.3889,-0.4278,14.3111,9.6265,0.1111,0.3889,0.2222,0.2778,2081.5035
GDFEEIPEEYLQ,12,1,-5,0.3333,-1.1,112.5167,4.05,0.1667,0.4167,0.25,0.3333,1468.5166
YNTIHCRKHHQGSWWCEVLVGQQ,23,0,4,0.3043,-0.8348,15.9217,8.0731,0.1304,0.1304,0.1739,0.3478,2810.1352
MHAYWIYTKCRPNVLSKRIVFFK,23,0,6,0.5217,-0.0435,38.5913,10.1875,0.2174,0.2609,0.1304,0.4783,2901.4974
RGYVYQGL,8,1,1,0.5,-0.425,-21.9,8.5897,0.25,0.125,0.25,0.5,955.0678
VQPVACADGIEEQYY,15,0,-3,0.4667,-0.2067,120.0533,4.05,0.1333,0.2667,0.2,0.3333,1684.8203
DFVLSAVAYEIFAQVKMRTSEGCWDNKDH,29,0,-1,0.4483,-0.2966,39.1172,4.8286,0.1379,0.3103,0.2414,0.3448,3360.7282
GCCSDPRCAWRC,12,1,1,0.1667,-0.3667,2.8833,7.8913,0.0833,0.0833,0.3333,0.0833,1356.5773
MKEL,4,0,0,0.5,-0.425,7.5,5.753,0.0,1.0,0.0,0.25,519.6552
DCYCRIPACIAGERRYGTCIYQGRLWAFCC,30,1,2,0.4,0.1233,41.0633,8.3335,0.1667,0.1667,0.1667,0.3333,3492.0865
NPESKHMAAHSVEVFLYQASKTQWKVS,27,0,3,0.4074,-0.6222,17.6222,8.4462,0.1111,0.3704,0.2222,0.2963,3103.4653
IDLSNPDDSVYRQD,14,0,-3,0.2857,-1.25,25.65,4.05,0.0714,0.0714,0.5714,0.2857,1636.6716
GACEARHREWAWLCAA,16,1,1,0.5,-0.225,32.4937,6.7399,0.125,0.5,0.0625,0.1875,1830.058
DFEEIPEEYLQ,11,1,-5,0.3636,-1.1636,121.8364,4.05,0.1818,0.4545,0.1818,0.3636,1411.4653
LVAIFRKLPIPVPVN,15,0,2,0.6,1.14,53.1133,11.0008,0.0667,0.2667,0.2667,0.5333,1676.0966
KCCALWQIFNPNHWSIINW,19,0,2,0.4737,0.0368,13.4474,8.068,0.2105,0.1579,0.2632,0.4211,2373.754
IDSFY,5,0,-1,0.6,0.34,111.722,4.05,0.4,0.0,0.4,0.6,643.6846
IDYWLAHKALA,11,1,1,0.7273,0.4273,24.6909,6.7427,0.1818,0.5455,0.0909,0.4545,1300.5039
KSLTIYAQVQK,11,1,2,0.4545,-0.3,23.7636,9.703,0.0909,0.3636,0.0909,0.4545,1278.4968
ARASL,5,1,1,0.6,0.42,8.0,9.795,0.0,0.6,0.2,0.2,516.5917
GDFEEIPEEYLQ,12,1,-5,0.3333,-1.1,112.5167,4.05,0.1667,0.4167,0.25,0.3333,1468.5166
VAPGTYQVLHPRFI,14,0,2,0.5,0.3214,4.15,8.7258,0.1429,0.1429,0.2143,0.5,1597.8572
SFNVH,5,0,1,0.4,-0.1,8.0,6.4564,0.2,0.0,0.4,0.4,602.6393
AKRHRKILRNSIQGI,15,1,6,0.3333,-0.9067,66.4933,12.0,0.0,0.2667,0.2,0.2667,1790.125
ALLVTVGLVLA,11,1,0,0.8182,2.7545,-6.3455,5.57,0.0,0.5455,0.0909,0.7273,1068.3497
CKFRWFFGWIIKIVSVDHRC,20,0,4,0.5,0.44,24.06,9.5023,0.25,0.1,0.15,0.5,2541.0484
SSCHIFKMKKVALTHFEKMGGFIVWELH,28,0,5,0.4643,0.1893,68.0571,9.103,0.1429,0.3929,0.1429,0.3929,3304.948
WTCCEHTVWIRHKVVPHIEICHWPMVAFQ,29,0,4,0.4483,0.1828,62.3862,7.069,0.1379,0.1724,0.069,0.4483,3587.2288
MPEFRCCCPHQWWHQKDGSRH,21,0,4,0.1905,-1.4524,77.5143,7.7971,0.1429,0.1429,0.2381,0.1429,2669.014
FCYSIDAFYKIKDHMV,16,0,1,0.5625,0.225,19.1381,6.7352,0.25,0.25,0.1875,0.4375,1980.3083
VWEMGYETANFKKQEYKFLVI,21,0,0,0.5238,-0.3714,8.0048,6.1977,0.2381,0.4286,0.0952,0.4762,2624.0162
AKCID,5,0,0,0.4,0.28,8.0,6.1228,0.0,0.4,0.2,0.2,548.6534
ITMNSDVTY,9,0,-1,0.4444,0.0111,-0.5444,4.05,0.1111,0.1111,0.3333,0.5556,1043.1482
FLN,3,0,0,0.6667,1.0333,6.6667,5.525,0.3333,0.3333,0.3333,0.6667,392.4493
KFFTTFRAAPPVVHIDPNEEGILQRMNKN,29,0,2,0.3793,-0.5517,83.3483,8.5964,0.1034,0.2759,0.2759,0.3448,3370.8357
YLL,3,0,0,1.0,2.1,6.6667,5.5243,0.3333,0.6667,0.0,1.0,407.5037
KFDRHECYHKSMMGCGKSYRF,21,0,5,0.2857,-1.1762,45.5905,9.2423,0.1905,0.2857,0.2381,0.1905,2611.0126
RSCCPCYWGGCPWGQNCYPEGCSGPKV,27,1,1,0.1852,-0.5222,48.2296,7.7689,0.1481,0.0741,0.4444,0.1852,2938.3456
GVSELLISTAVQGILFALLGA,21,1,-1,0.619,1.6238,19.781,4.05,0.0476,0.4286,0.2381,0.5238,2072.4436
AIWVYKRPDVESADMA,16,0,-1,0.5625,-0.2063,41.5,4.5583,0.125,0.375,0.25,0.3125,1851.087
KIK,3,1,2,0.3333,-1.1,-49.9333,10.0027,0.0,0.6667,0.0,0.3333,387.5175
GNTLQFTDKYI,11,0,0,0.3636,-0.5818,8.7182,5.8349,0.1818,0.1818,0.2727,0.5455,1299.4281
FVNQHLCGSHLVEALELVCGERGGFYTPK,29,1,1,0.3793,0.0655,14.0969,6.0211,0.1034,0.3103,0.2414,0.3793,3204.6352
WSVRLEECWNEYHHMIRDYQFD,22,0,-1,0.4091,-1.1545,68.5,4.972,0.2273,0.2273,0.1818,0.3636,2957.2163
KTK,3,1,2,0.0,-2.8333,6.6667,10.0027,0.0,0.6667,0.0,0.3333,375.4638
NSMWDSHMMDRKPQY,15,0,1,0.3333,-1.6867,18.0133,6.7461,0.1333,0.2667,0.4,0.1333,1926.1601
CEDSVGEQPGSFGFDIWSYCSNTETGHCC,29,0,-4,0.2069,-0.4621,35.7345,4.05,0.1379,0.1034,0.4138,0.2759,3159.3315
NQWP,4,0,0,0.25,-2.375,-11.35,5.525,0.25,0.0,0.5,0.25,543.5722
EGPANWAEDDHGIFCTSTRNLWKEMGFYY,29,0,-2,0.3793,-0.8138,46.8348,4.502,0.2069,0.2759,0.3103,0.3448,3438.7125
VMKCAFNGGKCAYPDMYRRCIMLCWC,26,0,3,0.4615,0.2846,40.9038,8.7602,0.1538,0.3077,0.1923,0.2692,3063.7737
RCRHD,5,0,2,0.0,-2.64,46.52,8.2587,0.0,0.0,0.2,0.0,685.7563
GSSST,5,1,0,0.0,-0.7,85.04,5.525,0.0,0.0,0.8,0.2,437.4024
GGASNAGQILQLWPQDWVFKV,21,0,0,0.4762,0.0048,50.4286,5.8357,0.1429,0.2381,0.3333,0.381,2314.5958
VLAAVIFIYFAALSPAITFG,20,1,0,0.8,2.105,47.27,5.4944,0.2,0.35,0.15,0.6,2084.4971
NLWFGKVHLHYWRMLVNQN,19,0,4,0.5263,-0.4105,26.7,9.9944,0.2105,0.2632,0.2105,0.4737,2455.8378
AERNYHERCQIRIDIEVHKWS,21,0,2,0.3333,-1.2286,49.8857,6.9596,0.0952,0.2381,0.1429,0.2857,2682.9695
RIIFNP,6,0,1,0.5,0.3667,3.5333,9.75,0.1667,0.0,0.3333,0.5,758.9078
DFEEIPEEYLQ,11,1,-5,0.3636,-1.1636,121.8364,4.05,0.1818,0.4545,0.1818,0.3636,1411.4653
KMVDNEW,7,0,-1,0.4286,-1.3143,12.2,4.3703,0.1429,0.4286,0.2857,0.2857,921.0285
WDC,3,0,-1,0.3333,-0.6333,6.6667,4.05,0.3333,0.0,0.3333,0.3333,422.4555
GIGAVLKVLTTGLPALISWIKRKRQQ,26,1,5,0.4615,0.2731,44.7308,12.0,0.0385,0.3462,0.1923,0.4615,2847.4471
KKKSKTKCVIM,11,1,5,0.2727,-0.7182,2.2364,10.1985,0.0,0.5455,0.0909,0.2727,1293.6855
HQQVNEVCGNDVKN,14,0,0,0.2143,-1.2071,9.5357,5.3203,0.0,0.1429,0.3571,0.2143,1583.6817
GNSHRGAIEWEGIESG,16,1,-1,0.25,-0.9375,45.7188,4.752,0.0625,0.25,0.4375,0.1875,1698.7477
HLVLTCSRGFDPQSRINFNGGHMCTIWKY,29,0,4,0.3448,-0.2759,51.1897,8.9043,0.1379,0.1379,0.3103,0.3793,3381.8648
KVTD,4,0,0,0.25,-0.975,-34.95,6.087,0.0,0.25,0.25,0.5,461.5099
KKKRKV,6,1,5,0.1667,-2.65,48.5167,11.3338,0.0,0.6667,0.0,0.1667,786.0212
SAVSAV,6,1,0,0.6667,1.7333,8.3333,5.24,0.0,0.3333,0.3333,0.3333,532.5877
MPFTENYC,8,0,-1,0.375,-0.425,111.825,4.05,0.25,0.25,0.25,0.375,1004.1369
CAWDMTLQEFTKFTFKA,17,0,0,0.4706,-0.0647,36.6412,6.0618,0.2353,0.4118,0.0588,0.4706,2067.3858
TAIIDEKRLGLFDESRQHNTFHSIIIN,27,0,1,0.3704,-0.3593,57.8704,5.9536,0.0741,0.2222,0.2593,0.4074,3168.5172
ARMRNCSMKARGMVYSERQVSERGTDQG,28,0,3,0.2857,-1.1714,16.4821,10.031,0.0357,0.2857,0.2857,0.1429,3204.6041
HVKEQLLDNRQCSIGAMD,18,0,0,0.3333,-0.6278,20.3389,5.4921,0.0,0.3333,0.2778,0.2222,2057.3116
CGSFNPEWPDMASGVFDSFAMRSPHDMLLP,30,0,-2,0.4,-0.15,54.8233,4.2192,0.1333,0.2667,0.4667,0.2333,3342.7559
ICPGGVQGAWFWA,13,0,0,0.5385,0.7308,15.4462,5.5181,0.2308,0.1538,0.3077,0.3846,1391.5945
HGSIDTMEPWPI,12,0,-1,0.3333,-0.4417,1.65,4.3531,0.0833,0.1667,0.4167,0.3333,1382.54
GSSST,5,1,0,0.0,-0.7,85.04,5.525,0.0,0.0,0.8,0.2,437.4024
GVKEC,5,0,0,0.2,-0.22,90.12,5.9943,0.0,0.4,0.2,0.2,534.6268
NPMMPCSNADAFIVEFDPLSY,21,0,-3,0.4762,0.1333,18.3143,4.05,0.1429,0.2857,0.4286,0.2857,2361.6672
LVNVFWKGEPWGVQIRWPPLVH,22,0,2,0.5,0.0591,39.7818,8.755,0.1818,0.1818,0.2727,0.5,2658.1069
GIVEQCCTSICSLYQLENYCN,21,1,-2,0.3333,0.2143,22.5429,4.05,0.0952,0.1905,0.2381,0.381,2383.6961
FWEYKFWI,8,0,0,0.75,-0.05,8.75,6.0007,0.625,0.25,0.0,0.75,1218.3998
VSCEDCPEHCSTQKAQAKCDNDKCVCEPI,29,1,-2,0.1724,-0.7034,42.7276,4.582,0.0,0.2759,0.2759,0.1379,3184.5584
PVSKMRMATPLLMQA,15,1,2,0.5333,0.3,42.08,11.0059,0.0,0.5333,0.2,0.2667,1674.1041
HFMSKDSAKYVCQ,13,0,2,0.3846,-0.5923,44.0692,8.1842,0.1538,0.3077,0.2308,0.2308,1543.7652
KQTSV,5,1,1,0.2,-0.94,55.28,8.7501,0.0,0.2,0.2,0.4,561.629
GIVEQCCTSICSLYQLENYCN,21,1,-2,0.3333,0.2143,22.5429,4.05,0.0952,0.1905,0.2381,0.381,2383.6961
NAKTRRHERRRKLAIERDT,19,1,6,0.2105,-2.1842,120.8,11.7113,0.0,0.3684,0.1053,0.2105,2406.7102
NQGDPMWNINHL,12,0,0,0.3333,-1.1167,43.5,5.0767,0.0833,0.1667,0.5,0.25,1438.5666
GIVEQCCASVCSLYQLENYCN,21,1,-2,0.381,0.319,7.019,4.05,0.0952,0.2381,0.2381,0.3333,2339.6435
HMLYRRQYCKDLQRGQPAHKLNIIDD,26,0,4,0.3462,-1.1615,73.2154,9.1114,0.0769,0.2692,0.2308,0.2692,3212.6657
PCYILRSRIMGGQNHRHWNLLINI,24,0,5,0.4167,-0.2292,84.2417,10.7685,0.0833,0.1667,0.2917,0.375,2905.4083
KETAAAKLERQHLDS,15,1,1,0.3333,-1.2,29.3533,6.7593,0.0,0.6,0.1333,0.2,1696.8596
FAPGNYPAL,9,1,0,0.5556,0.2,55.9667,5.5243,0.2222,0.3333,0.4444,0.3333,949.06
QAPAYKKAAKKLAES,15,1,3,0.4667,-0.9,42.1933,9.8256,0.0667,0.7333,0.1333,0.1333,1603.8605
YHVGQANQV,9,0,1,0.4444,-0.5778,-3.5889,6.7402,0.1111,0.1111,0.2222,0.3333,1015.08
GCPYNPKC,8,1,1,0.125,-0.9125,29.225,8.0453,0.125,0.125,0.5,0.125,881.0309
HTAVCL,6,0,1,0.5,1.4,27.8667,6.7319,0.0,0.3333,0.0,0.5,642.7679
AEPFARMKTRNE,12,0,1,0.3333,-1.45,51.55,8.7909,0.0833,0.5,0.1667,0.1667,1449.6343
GIVEQCCTSICSLYQLENYCN,21,1,-2,0.3333,0.2143,22.5429,4.05,0.0952,0.1905,0.2381,0.381,2383.6961
FVNQHLCGSHLVEALYLVCGERGFFYTPKT,30,1,2,0.4333,0.22,9.847,6.9037,0.1667,0.2667,0.2,0.4667,3429.9208
DNWQNGTS,8,1,-1,0.125,-2.1,-33.6125,4.05,0.125,0.0,0.625,0.25,920.8795
THNMAYHLEYNMYNVD,16,0,0,0.5,-0.9312,45.0062,5.266,0.1875,0.3125,0.25,0.375,2015.1851
KCK,3,1,2,0.0,-1.7667,6.6667,9.3141,0.0,0.6667,0.0,0.0,377.5028
SYEPIF,6,0,-1,0.5,0.0167,27.8667,4.05,0.3333,0.1667,0.3333,0.5,754.8264
YLEPE,5,0,-2,0.4,-1.22,81.28,4.2404,0.2,0.6,0.2,0.4,649.6893
NHFSPKTDQSMCF,13,0,1,0.2308,-0.8846,68.8538,6.7345,0.1538,0.1538,0.3846,0.2308,1541.7063
NAHQCPMSCQGFRWTVWSA,19,0,2,0.3684,-0.3579,65.7579,8.0816,0.1579,0.1579,0.2632,0.2632,2209.4885
NEDFEEIPEEYL,12,1,-6,0.3333,-1.3583,101.4,4.05,0.1667,0.5,0.25,0.3333,1526.5527
WGRNDTQGRMWWVFYLQYGGRANGKNDMP,29,0,2,0.3793,-1.2103,27.8762,9.6935,0.2069,0.1724,0.3793,0.3103,3504.8697
KKGSVVIVGRIVLSGKPAIIPKK,23,1,6,0.4348,0.4522,-5.0478,11.3884,0.0,0.3043,0.3043,0.3913,2387.9913
KAK,3,1,2,0.3333,-2.0,6.6667,10.0027,0.0,1.0,0.0,0.0,345.4378
LPPLDITPY,9,1,-1,0.4444,0.2,51.6889,4.05,0.1111,0.2222,0.4444,0.5556,1028.1982
MDMAITNELKEIFETKGALDESQQ,24,0,-4,0.375,-0.6292,29.95,4.0788,0.0417,0.5,0.2083,0.2917,2742.0401
FADSEADENEQVSAV,15,1,-5,0.4,-0.6333,31.5067,4.05,0.0667,0.4,0.3333,0.2,1610.588
DGDFEEIPEEYL,12,1,-6,0.3333,-1.1,85.35,4.05,0.1667,0.4167,0.3333,0.3333,1455.4748
RTILMHKSCWAAVTTRGDAENYQWCCYH,28,0,3,0.3929,-0.4893,58.5107,7.9606,0.1429,0.25,0.1429,0.3571,3344.7819
VAQGGAAGLA,10,1,0,0.6,1.05,12.85,5.495,0.0,0.5,0.3,0.2,813.8986
GNISWRNWFREEKYIRD,17,0,1,0.3529,-1.6118,50.6,8.5881,0.2353,0.1765,0.2941,0.3529,2269.4759
DFEEIPEEYL,10,1,-5,0.4,-0.93,100.42,4.05,0.2,0.5,0.2,0.4,1283.3361
TKTATINAS,9,1,1,0.3333,-0.2444,8.8889,8.4101,0.0,0.3333,0.2222,0.4444,905.9926
WYLLEAKADGIKWYMGCRRSYVK,23,0,3,0.5217,-0.4652,60.3522,9.4317,0.2174,0.3913,0.1739,0.3913,2837.3228
ENANNNHINRQWFGHTAFPADLL,23,0,1,0.3913,-0.8435,46.8217,5.9996,0.1304,0.2609,0.3478,0.3043,2679.8576
HGVTLWVEVCQRRNCSLF,18,0,2,0.3889,0.1389,40.2944,8.0818,0.1111,0.1667,0.1667,0.4444,2147.482
GLYEWGGARIT,11,1,0,0.4545,-0.1818,-17.3545,6.0014,0.1818,0.2727,0.2727,0.4545,1222.349
MHNKMCQLNVCQSWVVTMSSVQ,22,0,2,0.4091,0.1227,106.0545,7.8463,0.0455,0.2273,0.2273,0.3182,2554.0208
ELLKKLLEELKG,12,1,0,0.4167,-0.3,8.0333,6.3253,0.0,0.9167,0.0833,0.4167,1412.7135
DTMGNPFENGDCAPLKQQCIGT,22,0,-2,0.2273,-0.6545,16.5773,4.05,0.0455,0.2273,0.4091,0.2273,2339.5808
KGSVVIVGRIILSGRK,16,1,4,0.4375,0.6438,5.4938,12.0,0.0,0.1875,0.3125,0.4375,1682.0632
CKGKGAKCSRLMYDCCTGSCRSGKC,25,1,5,0.16,-0.464,59.528,9.1257,0.04,0.28,0.32,0.12,2646.1664
CVHHIDMIGFVLHENNSMCEKPMKE,25,0,1,0.36,-0.26,18.128,5.806,0.04,0.36,0.24,0.24,2942.4386
GVIFVDKIELCVWHDTNLMTFKPHKQ,26,0,2,0.4231,-0.0269,22.0077,6.9123,0.1154,0.2692,0.1923,0.4615,3099.6255
PLPLPSNLHSPCDGIKMCDMKIPPWGDAEV,30,0,-1,0.3333,-0.2067,57.32,4.6593,0.0333,0.3,0.4667,0.2333,3261.811
DFEEIPEEYLQ,11,1,-5,0.3636,-1.1636,121.8364,4.05,0.1818,0.4545,0.1818,0.3636,1411.4653
GIVEQCCTSICSLYQLENYCN,21,1,-2,0.3333,0.2143,22.5429,4.05,0.0952,0.1905,0.2381,0.381,2383.6961
KGK,3,1,2,0.0,-2.7333,-49.9333,10.0027,0.0,0.6667,0.3333,0.0,331.4112
VDDGSPCQYNYHYGIEDGDCPQC,23,0,-4,0.2174,-1.0478,70.3348,4.05,0.1304,0.0435,0.4783,0.2174,2578.6777
VPNLTRQRNPAPQVDK,16,0,2,0.25,-1.3687,56.0625,10.8349,0.0,0.1875,0.375,0.25,1833.057
KLKLFKKIGIGKFLHSAKKF,20,1,8,0.45,-0.075,-23.485,10.7784,0.15,0.55,0.15,0.4,2331.9279
YHNEHHHAHCSSEVQFRWNSGKLN,24,0,5,0.25,-1.4708,52.7542,7.1462,0.125,0.2083,0.2917,0.2083,2918.0843
GFGPFGFA,8,1,0,0.5,0.925,32.825,5.525,0.375,0.125,0.5,0.375,798.8837
QVSNQAVGKQHMFY,14,0,2,0.4286,-0.6214,26.5579,8.5982,0.1429,0.2143,0.2143,0.2857,1636.8286
SRI,3,0,1,0.3333,-0.2667,70.8667,9.4651,0.0,0.0,0.3333,0.3333,374.4359
VGALAVVVWLWLWLW,15,1,0,0.9333,2.1067,70.0533,5.495,0.2667,0.4,0.0667,0.8,1811.2164
PAQIRISQIELEFYWWGPSGQEEYMHK,27,0,-1,0.4074,-0.8259,117.1633,4.9065,0.1852,0.2963,0.2222,0.3333,3323.6881
INLKALAALAKKIL,14,1,3,0.7143,1.1571,10.9143,10.3021,0.0,0.7857,0.0714,0.4286,1479.892
MGKGDRRTRRGKIWRGTYGKYRPRKKK,27,1,12,0.1852,-2.2407,19.0444,11.9002,0.1111,0.2593,0.2593,0.2222,3336.9258
WICLVLCAKVFFWWRKQDMC,20,0,2,0.6,0.765,36.335,8.6795,0.25,0.3,0.05,0.5,2576.1769
AMCDFDVGHLALLSTQMPRPPQLNC,25,0,0,0.4,0.108,49.332,5.2119,0.04,0.32,0.32,0.28,2758.223
CSMPTGAKCKNG,12,0,2,0.1667,-0.5417,19.1083,8.9037,0.0,0.3333,0.4167,0.0833,1196.4212
VGALAVVVWLWLWLW,15,1,0,0.9333,2.1067,70.0533,5.495,0.2667,0.4,0.0667,0.8,1811.2164
HSQGTFTSDYSKYLDSKKAQEFVQWLMNT,29,1,1,0.3448,-0.9483,32.2345,6.7516,0.1724,0.2759,0.2759,0.3793,3440.7467
GIVEQCCTSICSLYQLENYCN,21,1,-2,0.3333,0.2143,22.5429,4.05,0.0952,0.1905,0.2381,0.381,2383.6961
ATIWPWNEYTEMSGGVMGAIHQLR,24,0,0,0.4583,-0.225,51.0917,5.4012,0.125,0.2917,0.25,0.375,2748.0989
LPAHIAFPII,10,0,1,0.7,1.73,102.23,6.7411,0.1,0.3,0.2,0.5,1091.345
DFLAEGGGVR,10,1,-1,0.4,-0.01,26.14,4.3703,0.1,0.3,0.4,0.3,1020.0966
TLAVPGMTCAACPITVKK,18,1,2,0.4444,0.8611,52.0556,8.8834,0.0,0.3889,0.1667,0.3889,1804.246
ARHYKNLLERQRY,13,1,4,0.3846,-1.8692,66.8615,10.2673,0.1538,0.3846,0.0769,0.3077,1746.9693
TTYADFIASGRTGRRNAIHD,20,1,2,0.35,-0.75,50.06,8.4356,0.1,0.15,0.3,0.35,2222.3766
ALLVTAGLVLA,11,1,0,0.8182,2.5364,1.3727,5.57,0.0,0.6364,0.0909,0.6364,1040.2966
LHECPCCY,8,0,0,0.25,0.2125,78.325,5.2394,0.125,0.25,0.125,0.25,967.1433
KREKAH,6,0,3,0.1667,-2.8667,48.5167,9.9944,0.0,0.6667,0.0,0.0,767.8768
ALLVTASLVLA,11,1,0,0.8182,2.5,1.3727,5.57,0.0,0.6364,0.0909,0.6364,1070.3226
EKHVYDGRWNVSNGCITDICWPQKCPPLNM,30,0,1,0.3,-0.6533,60.3967,6.8134,0.1,0.1667,0.3667,0.3,3504.9926
GVSELLISTAVQGILFALLGA,21,1,-1,0.619,1.6238,19.781,4.05,0.0476,0.4286,0.2381,0.5238,2072.4436
ICVVQDWGHHRCT,13,1,2,0.3077,-0.1538,35.3462,6.9,0.0769,0.0,0.1538,0.3846,1553.7667
TTYADFIASGRTGRRNAIHDIL,22,1,2,0.4091,-0.3045,55.1727,8.4347,0.0909,0.1818,0.2727,0.4091,2448.6918
KTCWRWRCPMPRG,13,0,4,0.2308,-1.2769,101.9923,10.7869,0.1538,0.1538,0.2308,0.2308,1677.0319
DFEEIPEEYL,10,1,-5,0.4,-0.93,100.42,4.05,0.2,0.5,0.2,0.4,1283.3361
KPSSPPEELKFQCGQKTLRPRFK,23,1,4,0.1739,-1.3913,72.2087,10.0292,0.087,0.3478,0.3043,0.2174,2702.1386
KAK,3,1,2,0.3333,-2.0,6.6667,10.0027,0.0,1.0,0.0,0.0,345.4378
HRLYHMDRHVQIATLQT,17,0,4,0.4118,-0.6941,42.7412,8.7662,0.0588,0.2353,0.0588,0.4118,2119.4091
SLYPFQGMSSGLFNM,15,0,0,0.4667,0.26,72.5333,5.2398,0.2,0.2667,0.4667,0.3333,1678.9248
HLYAHIQ,7,0,2,0.5714,-0.1571,93.0429,6.9167,0.1429,0.2857,0.0,0.4286,880.9894
MQCIQWRGPQFYIKSYWQLKSY,22,0,3,0.4545,-0.7091,6.5459,9.5153,0.2727,0.1818,0.1818,0.4091,2854.3084
GGTYSCHFGPLTWVCKPQGG,20,1,2,0.25,-0.22,39.11,8.055,0.15,0.1,0.4,0.35,2095.3594
RFTKILW,7,0,2,0.5714,0.1571,57.7857,11.0008,0.2857,0.2857,0.0,0.7143,963.1761
LCQWLFMLENIIALFFEQKYFDDM,24,0,-3,0.625,0.5375,43.0583,4.05,0.25,0.4167,0.125,0.5,3058.5881
HCWFAAIGER,10,0,1,0.5,0.09,25.14,6.7404,0.2,0.3,0.1,0.3,1189.3456
FYRALM,6,1,1,0.8333,0.75,34.485,8.7476,0.3333,0.5,0.0,0.5,799.9795
NQYWNMATWYVTRIWGDSTAY,21,0,0,0.5238,-0.6762,2.1905,5.8343,0.2857,0.1429,0.2381,0.5238,2626.8528
YCLMDAVALL,10,0,-1,0.8,1.88,28.26,4.05,0.1,0.6,0.1,0.5,1111.3744
KGFHRIKGYWKIGPIKLFWDCPSINSSIHG,30,0,6,0.3667,-0.3133,6.3167,9.8659,0.1667,0.1667,0.3667,0.3667,3486.0554
KVALRLAVQ,9,0,2,0.6667,0.8556,20.8556,11.0008,0.0,0.5556,0.0,0.4444,997.2355
DFLAEGGGVR,10,1,-1,0.4,-0.01,26.14,4.3703,0.1,0.3,0.4,0.3,1020.0966
DGCMYADRNVAYP,13,0,-1,0.4615,-0.5692,77.3923,4.2078,0.1538,0.2308,0.3846,0.2308,1474.617
RHCCIQELELVVQDRGSGGKAM,22,0,1,0.3182,-0.2909,30.2727,6.7422,0.0,0.3182,0.2273,0.2273,2429.7978
GCCSNPRCAWRC,12,1,2,0.1667,-0.3667,0.4833,8.567,0.0833,0.0833,0.3333,0.0833,1355.5925
KYE,3,0,0,0.3333,-2.9,-18.4667,6.2167,0.3333,0.6667,0.0,0.3333,438.4748
HFCGAMCHPNENVEDTEH,18,0,-1,0.2222,-0.9778,24.3389,4.7751,0.0556,0.2778,0.2778,0.1667,2070.2027
GGKKKYRL,8,1,4,0.25,-1.8125,-7.575,10.4616,0.125,0.5,0.25,0.25,949.1513
GCCSDPLCAWRC,12,1,0,0.25,0.325,9.1667,5.8096,0.0833,0.1667,0.3333,0.1667,1313.5492
TLHILWLDCKLYAV,14,0,1,0.6429,1.05,91.0071,6.403,0.1429,0.4286,0.0714,0.6429,1688.0411
QFDGIRMIDQIFAAKETGQWARLNSMLTHT,30,0,1,0.4333,-0.31,-1.9167,6.7553,0.1,0.3,0.2,0.3667,3479.9401
TQLVEQCPGNFTYCPGTC,18,0,-1,0.2222,-0.1722,15.3833,4.05,0.1111,0.1111,0.2778,0.3889,1961.1993
FAPGVFPYM,9,1,0,0.6667,0.9556,100.5111,5.5243,0.3333,0.2222,0.3333,0.4444,1028.2227
PPGPPGPPG,9,1,0,0.0,-1.2,73.0889,5.955,0.0,0.0,1.0,0.0,771.8604
LKKFNARRKLKGAILTTMLATRNFS,25,1,7,0.44,-0.272,22.16,12.0,0.08,0.48,0.16,0.4,2879.4724
DFEEIPEEYLQ,11,1,-5,0.3636,-1.1636,121.8364,4.05,0.1818,0.4545,0.1818,0.3636,1411.4653
KAK,3,1,2,0.3333,-2.0,6.6667,10.0027,0.0,1.0,0.0,0.0,345.4378
AVSLLDLDA,9,1,-2,0.6667,1.2667,8.8889,4.05,0.0,0.5556,0.3333,0.4444,916.027
EFRH,4,0,1,0.25,-2.1,55.65,6.8491,0.25,0.25,0.0,0.25,587.6281
NWETF,5,1,-1,0.4,-1.16,11.94,4.05,0.4,0.2,0.2,0.6,695.7195
ARGMASV,7,1,1,0.5714,0.5714,14.0714,9.795,0.0,0.4286,0.2857,0.1429,690.8124
WNCFLHFERDVNKFS,15,0,1,0.4,-0.56,24.5133,6.7429,0.2667,0.2,0.2667,0.4,1942.1593
GCPWQPWC,8,1,0,0.25,-0.4875,49.7,5.5114,0.25,0.0,0.375,0.25,976.1318
ELPCYGWVMNIRDHYNYMK,19,0,1,0.4737,-0.7158,82.5789,6.8334,0.2105,0.2632,0.2632,0.3684,2432.7963
QFEEIP,6,1,-2,0.3333,-0.8,77.4,4.05,0.1667,0.3333,0.1667,0.3333,761.8191
SQMWLYWSDWSFIKDIKPWWCSIYMCTSHH,30,0,2,0.4667,-0.3067,33.1233,6.6526,0.2667,0.1667,0.2667,0.4333,3866.426
MPGTIKENIIGVSYDEYRYRSVIKA,25,1,1,0.44,-0.372,45.068,8.139,0.12,0.24,0.28,0.4,2903.3115
VNLDD,5,0,-2,0.4,-0.5,8.0,4.05,0.0,0.2,0.6,0.4,574.5813
ALWGFFPVL,9,1,0,0.7778,1.8111,66.4778,5.57,0.3333,0.3333,0.2222,0.6667,1049.2634
LWSHQMDQVMQKYAEYAGCRLRP,23,0,2,0.4348,-0.7913,50.6435,8.1841,0.1304,0.3478,0.1739,0.2609,2811.2243
TQPNE,5,0,-1,0.0,-2.56,31.44,4.5947,0.0,0.2,0.4,0.2,587.5802
RSFVCEVCTRAFARQEHLKRHYRSHTNEK,29,1,7,0.2759,-1.2172,78.3759,9.8384,0.1034,0.2759,0.1034,0.2759,3590.0245
GDFEEIPEEYLQ,12,1,-5,0.3333,-1.1,112.5167,4.05,0.1667,0.4167,0.25,0.3333,1468.5166
EPQYEEIPIYL,11,1,-3,0.4545,-0.6364,74.9273,4.05,0.1818,0.3636,0.1818,0.4545,1393.5361
DFEEIPEEYLQ,11,1,-5,0.3636,-1.1636,121.8364,4.05,0.1818,0.4545,0.1818,0.3636,1411.4653
TYETL,5,1,-1,0.4,-0.48,-7.08,4.05,0.2,0.4,0.0,0.8,625.6679
DAEFRHDSGYEVHHQELVFFAEDVGSNK,28,1,-2,0.3571,-0.8857,36.8571,4.6736,0.1429,0.2857,0.2857,0.2857,3263.3994
MQIFVKTLDGKTITLEV,17,1,0,0.4706,0.5235,-1.7118,5.8231,0.0588,0.3529,0.1176,0.5882,1936.3157
NEDFEEIPEEYL,12,1,-6,0.3333,-1.3583,101.4,4.05,0.1667,0.5,0.25,0.3333,1526.5527
GKSITGMCFWYCMYAWIDTEQT,22,0,-1,0.4545,-0.0045,48.85,4.3702,0.2273,0.2273,0.1818,0.4545,2635.0207
GGQSHNDGDFEEIPEEYL,18,1,-5,0.2222,-1.3889,104.6556,4.05,0.1111,0.2778,0.4444,0.2222,2036.0258
NDSTFGRPLRSIDPGAPNWMSRLMWPR,27,0,2,0.3333,-0.8741,81.4074,11.5229,0.1111,0.1852,0.4815,0.2593,3158.5736
ELLKKLLEELKG,12,1,0,0.4167,-0.3,8.0333,6.3253,0.0,0.9167,0.0833,0.4167,1412.7135
CRIPNQKCFQHLDDCCSRKCNRFNKCV,27,1,5,0.1852,-0.8222,18.8815,8.94,0.0741,0.1481,0.2593,0.1852,3259.8133
KPSSPPEELKFQCGQKTLRPRFK,23,1,4,0.1739,-1.3913,72.2087,10.0292,0.087,0.3478,0.3043,0.2174,2702.1386
PAQITAIFLEEFCRIL,16,0,-1,0.5625,0.9688,53.825,4.5321,0.125,0.375,0.0625,0.5,1864.2116
FVNQHLCGSHLVEALYLVCGERGFFYTPKA,30,1,2,0.4667,0.3033,9.847,6.9037,0.1667,0.3,0.2,0.4333,3399.8948
HPPCCLYGKCRRYPGCSSASCCQR,24,1,5,0.1667,-0.5875,58.55,8.94,0.0833,0.125,0.3333,0.125,2676.1326
